syntitem,pointitem,offset
hsi_7_0719_209_001_main__ggpt__2,st1.13491_13941,0.006000000000000005
hsi_6_0718_210_001_main__ggpt__3,st1.17235_17589,0.017000000000000015
hsi_6_0718_211_002_main__ggpt__4,st1.35000_35472_0.82stretch,-0.48640000000000017
hsi_4_0717_211_002_main__ggpt__10,st1.26061_26416_0.86stretch,-0.4334
hsi_6_0718_227_002_main__ggpt__11,st1.11922_12193,0.0050000000000000044
hsi_4_0717_211_003_main__ggpt__12,st1.17976_18360,0.010000000000000009
hsi_7_0719_227_002_main__ggpt__13,st1_mirrored.28830_29103_1.26stretch,-0.8186
hsi_4_0717_209_001_main__ggpt__16,st1_mirrored.17235_17589_1.1stretch,0.0020000000000000018
hsi_6_0718_222_003_main__ggpt__18,st2_mirrored.4179_4492_1.39stretch,-0.8489
hsi_6_0718_210_002_main__ggpt__20,st1_mirrored.29108_29395,-0.496
hsi_6_0718_227_001_main__ggpt__21,st1.8949_9448_0.86stretch,0.0030000000000001137
hsi_4_0717_227_003_main__ggpt__22,st1_mirrored.12960_13246_0.98stretch,0.0041999999999999815
hsi_7_0719_210_003_main__ggpt__23,st2_mirrored.3083_3415_1.05stretch,0.05300000000000005
hsi_4_0717_227_004_main__ggpt__24,st1_mirrored.45687_45953,-0.363
hsi_4_0717_210_001_main__ggpt__25,st1_mirrored.25614_26056,-0.7429999999999999
hsi_4_0717_209_002_main__ggpt__26,st1.28398_28825_0.98stretch,-0.8679999999999999
hsi_5_0718_222_003_main__ggpt__28,st1.12960_13246,0.0030000000000000027
hsi_4_0717_210_003_main__ggpt__34,st1_mirrored.13491_13941_1.09stretch,0.02629999999999999
hsi_7_0719_211_004_main__ggpt__35,st1.27461_27769,0.007000000000000006
hsi_7_0719_222_004_main__ggpt__37,st2.7431_7795_0.9stretch,0.017000000000000015
hsi_6_0718_209_003_main__ggpt__42,st2.1527_1810_1.14stretch,-0.07280000000000009
hsi_4_0717_227_002_main__ggpt__43,st2_mirrored.3083_3415_1.31stretch,0.0016000000000000458
hsi_6_0718_209_001_main__ggpt__44,st1_mirrored.27461_27769_0.95stretch,0.0030000000000000027
hsi_4_0717_211_001_main__ggpt__46,st2.4179_4492_1.32stretch,-1.3441999999999998
hsi_5_0718_210_002_main__ggpt__47,st1_mirrored.34421_34995_0.86stretch,0.023399999999999976
hsi_5_0718_211_002_main__ggpt__50,st1_mirrored.28025_28393,-0.68
hsi_7_0719_209_001_main__ggpt__55,st2_mirrored.4179_4492_0.83stretch,-0.6353
hsi_7_0719_227_003_main__ggpt__58,st1.25173_25609_0.81stretch,-0.3871
hsi_7_0719_209_003_main__ggpt__61,st1.13251_13486_1.11stretch,-0.24769999999999992
hsi_4_0717_211_002_main__ggpt__63,st1_mirrored.22983_23268,0.0050000000000001155
hsi_6_0718_227_002_main__ggpt__64,st1_mirrored.23273_23656,-0.473
hsi_7_0719_227_002_main__ggpt__66,st1_mirrored.11922_12193,0.0020000000000000018
hsi_6_0718_210_002_main__ggpt__73,st1_mirrored.9745_10055_0.89stretch,0.020200000000000107
hsi_6_0718_227_001_main__ggpt__74,st1_mirrored.9745_10055_1.19stretch,-0.5217999999999999
hsi_4_0717_227_003_main__ggpt__75,st1_mirrored.17594_17971_0.95stretch,0.010999999999999899
hsi_4_0717_209_002_main__ggpt__79,st1_mirrored.12960_13246_0.92stretch,0.0038000000000000256
hsi_3_0715_227_002_main__ggpt__83,st1_mirrored.7376_7753_1.18stretch,0.007000000000000117
hsi_7_0719_222_004_main__ggpt__90,st2.2316_2727_1.11stretch,0.006500000000000061
hsi_5_0718_209_002_main__ggpt__94,st1_mirrored.16330_16795_0.95stretch,0.00749999999999984
hsi_6_0718_209_003_main__ggpt__95,st1_mirrored.11922_12193_0.82stretch,0.008399999999999963
hsi_4_0717_227_002_main__ggpt__96,st1.33801_34062,0.009000000000000008
hsi_6_0718_209_001_main__ggpt__97,st1.13251_13486_1.12stretch,-0.0693999999999999
hsi_4_0717_209_003_main__ggpt__102,st1_mirrored.9453_9745_1.32stretch,0.015200000000000102
hsi_6_0718_211_001_main__ggpt__104,st2_mirrored.1815_2311_0.99stretch,0.002200000000000202
hsi_6_0718_210_001_main__ggpt__109,st1.17594_17971_0.83stretch,0.025399999999999867
hsi_7_0719_227_003_main__ggpt__111,st2.6146_6478_1.28stretch,0.0007999999999999119
hsi_5_0718_210_003_main__ggpt__112,st1_mirrored.17235_17589_1.11stretch,0.007400000000000073
hsi_7_0719_209_003_main__ggpt__114,st2.11976_12272_1.05stretch,0.013000000000000012
hsi_5_0718_227_001_main__ggpt__115,st1.15138_15625,-0.701
hsi_6_0718_227_002_main__ggpt__117,st1_mirrored.17235_17589_1.08stretch,0.009200000000000097
hsi_4_0717_211_003_main__ggpt__118,st2.9428_9874,0.0050000000000000044
hsi_4_0717_209_001_main__ggpt__122,st1_mirrored.20375_20767_1.04stretch,0.007600000000000051
hsi_6_0718_222_003_main__ggpt__124,st1.12960_13246_1.29stretch,-0.3983000000000001
hsi_5_0718_222_002_main__ggpt__125,st1.23273_23656_1.05stretch,0.0035000000000000586
hsi_6_0718_210_002_main__ggpt__126,st1_mirrored.13491_13941_0.81stretch,0.026699999999999946
hsi_4_0717_227_003_main__ggpt__128,st1_mirrored.16796_17230_1.03stretch,0.000700000000000145
hsi_4_0717_209_002_main__ggpt__132,st2.5294_5623_1.29stretch,0.007500000000000062
hsi_5_0718_209_003_main__ggpt__133,st1_mirrored.35477_35907_0.98stretch,0.005600000000000049
hsi_5_0718_209_001_main__ggpt__137,st2_mirrored.11976_12272_1.27stretch,0.007799999999999918
hsi_5_0718_227_002_main__ggpt__138,st2_mirrored.2732_3078_1.28stretch,0.0008000000000001339
hsi_3_0715_210_011_main__ggpt__139,st1_mirrored.8457_8944_0.95stretch,0.029999999999999916
hsi_4_0717_222_003_main__ggpt__142,st2_mirrored.4179_4492_1.07stretch,-0.7636999999999999
hsi_7_0719_222_004_main__ggpt__143,st1.9745_10055_1.07stretch,0.0036000000000001586
hsi_6_0718_222_001_main__ggpt__144,st1_mirrored.8949_9448_0.9stretch,0.004000000000000115
hsi_7_0719_210_001_main__ggpt__145,st1_mirrored.33801_34062,0.0010000000000000009
hsi_6_0718_209_003_main__ggpt__148,st1_mirrored.13251_13486_1.25stretch,0.007000000000000006
hsi_4_0717_227_002_main__ggpt__149,st1.28830_29103_1.12stretch,-0.7284
hsi_4_0717_211_001_main__ggpt__152,st1.7758_8082_0.86stretch,0.005199999999999982
hsi_5_0718_210_002_main__ggpt__153,st1.33801_34062_0.82stretch,-0.05640000000000012
hsi_7_0719_210_002_main__ggpt__158,st1_mirrored.28830_29103_1.18stretch,-0.8918000000000001
hsi_7_0719_209_001_main__ggpt__161,st1.8087_8452_1.0stretch,0.05800000000000005
hsi_6_0718_211_002_main__ggpt__163,st1_mirrored.33801_34062_0.94stretch,0.014599999999999946
hsi_3_0715_209_008_main__ggpt__166,st1.12960_13246_0.98stretch,0.009399999999999964
hsi_7_0719_209_003_main__ggpt__167,st1.12960_13246_0.86stretch,0.5107999999999999
hsi_7_0719_227_002_main__ggpt__172,st1.4446_4759_0.81stretch,-0.18000000000000005
hsi_4_0717_209_001_main__ggpt__175,st2.9428_9874_1.01stretch,0.00770000000000004
hsi_6_0718_222_003_main__ggpt__177,st1_mirrored.13251_13486_1.19stretch,0.0006000000000000449
hsi_6_0718_210_002_main__ggpt__179,st2_mirrored.10512_10854_0.94stretch,-0.938
hsi_7_0719_210_003_main__ggpt__182,st1_mirrored.28398_28825_0.98stretch,-0.8111999999999999
hsi_4_0717_227_004_main__ggpt__183,st1.7758_8082_1.09stretch,-0.17769999999999986
hsi_4_0717_210_001_main__ggpt__184,st1_mirrored.13491_13941,0.006000000000000005
hsi_5_0718_209_001_main__ggpt__190,st1.26421_26880_0.89stretch,0.00019999999999997797
hsi_5_0718_227_002_main__ggpt__191,st2.7035_7426_0.99stretch,-0.6553999999999999
hsi_4_0717_210_003_main__ggpt__193,st1_mirrored.7376_7753_1.13stretch,0.006999999999999895
hsi_4_0717_222_003_main__ggpt__195,st1.22983_23268_1.23stretch,0.16330000000000022
hsi_6_0718_222_001_main__ggpt__197,st1_mirrored.17594_17971_1.23stretch,0.0043999999999999595
hsi_4_0717_211_001_main__ggpt__205,st1.22118_22432_1.14stretch,0.014399999999999857
hsi_7_0719_222_002_main__ggpt__207,st1.28025_28393_1.31stretch,0.010099999999999998
hsi_6_0718_211_001_main__ggpt__210,st1.17594_17971_0.91stretch,0.03280000000000005
hsi_7_0719_209_001_main__ggpt__214,st2_mirrored.8293_8847_0.82stretch,0.01639999999999997
hsi_7_0719_227_003_main__ggpt__217,st1_mirrored.7376_7753_1.12stretch,0.001000000000000334
hsi_4_0717_211_002_main__ggpt__222,st1.25614_26056_1.1stretch,-0.702
hsi_6_0718_227_002_main__ggpt__223,st2_mirrored.4179_4492,-0.722
hsi_7_0719_227_002_main__ggpt__225,st1_mirrored.22118_22432_1.15stretch,-0.7365
hsi_6_0718_222_003_main__ggpt__230,st1.29108_29395_1.31stretch,-0.9685
hsi_6_0718_227_001_main__ggpt__233,st2.11976_12272_0.87stretch,0.0018000000000000238
hsi_4_0717_210_001_main__ggpt__237,st2_mirrored.1527_1810_1.0stretch,0.007000000000000006
hsi_4_0717_209_002_main__ggpt__238,st1_mirrored.27774_28020_1.03stretch,-0.11619999999999986
hsi_5_0718_209_003_main__ggpt__239,st1.22118_22432_1.31stretch,-0.5249
hsi_5_0718_222_003_main__ggpt__240,st1.23661_23983,-0.253
hsi_7_0719_211_004_main__ggpt__247,st1_mirrored.22983_23268_0.89stretch,0.005800000000000138
hsi_6_0718_222_001_main__ggpt__250,st2_mirrored.5294_5623_1.31stretch,0.0045000000000001705
hsi_7_0719_210_001_main__ggpt__251,st1.27461_27769_0.92stretch,0.0018000000000001348
hsi_6_0718_209_001_main__ggpt__256,st2.5628_6141_0.91stretch,0.007900000000000018
hsi_4_0717_211_001_main__ggpt__258,st1.35000_35472_1.04stretch,0.0031999999999999806
hsi_7_0719_222_002_main__ggpt__260,st1_mirrored.23661_23983_1.25stretch,0.019499999999999962
hsi_6_0718_211_001_main__ggpt__263,st1.26421_26880,0.0020000000000000018
hsi_7_0719_210_002_main__ggpt__264,st1.14865_15137_1.13stretch,-0.08440000000000014
hsi_7_0719_211_002_main__ggpt__266,st2_mirrored.1815_2311_0.94stretch,0.02420000000000011
hsi_7_0719_209_003_main__ggpt__273,st2_mirrored.2316_2727_1.14stretch,0.014000000000000012
hsi_6_0718_227_002_main__ggpt__276,st1.16796_17230,0.013000000000000012
hsi_6_0718_210_002_main__ggpt__285,st1_mirrored.13251_13486_1.26stretch,-0.13160000000000005
hsi_4_0717_227_003_main__ggpt__287,st2.6146_6478_0.9stretch,0.0
hsi_7_0719_210_003_main__ggpt__288,st1.4446_4759_0.86stretch,-0.474
hsi_4_0717_227_004_main__ggpt__289,st1.28398_28825_0.92stretch,-0.7119999999999999
hsi_4_0717_209_002_main__ggpt__291,st2_mirrored.2732_3078,-0.402
hsi_5_0718_209_003_main__ggpt__292,st2_mirrored.8293_8847_0.87stretch,0.03590000000000004
hsi_5_0718_209_001_main__ggpt__296,st1.17976_18360_1.19stretch,0.0035000000000000586
hsi_5_0718_227_002_main__ggpt__297,st1_mirrored.25173_25609_0.92stretch,-0.17899999999999994
hsi_6_0718_222_001_main__ggpt__303,st2.3083_3415_0.92stretch,-0.08279999999999998
hsi_7_0719_210_001_main__ggpt__304,st2_mirrored.5294_5623_0.86stretch,0.008999999999999897
hsi_4_0717_227_002_main__ggpt__308,st1_mirrored.22983_23268_1.03stretch,0.02660000000000018
hsi_6_0718_211_001_main__ggpt__316,st2_mirrored.1815_2311_0.91stretch,0.0018000000000001348
hsi_3_0715_227_004_main__ggpt__371,st1.22437_22978_0.89stretch,-0.8123999999999999
hsi_7_0719_209_001_main__ggpt__373,st2.7035_7426_1.24stretch,0.021599999999999953
hsi_6_0718_211_002_main__ggpt__375,st2_mirrored.7800_8288_1.02stretch,0.0036000000000000476
hsi_7_0719_227_003_main__ggpt__376,st1.14865_15137_1.18stretch,0.0805999999999999
hsi_7_0719_209_003_main__ggpt__379,st2.3083_3415,0.05500000000000005
hsi_4_0717_211_002_main__ggpt__381,st2.7431_7795,0.03399999999999992
hsi_6_0718_227_002_main__ggpt__382,st2.10512_10854,-0.725
hsi_4_0717_211_003_main__ggpt__383,st1.22983_23268_0.86stretch,0.033600000000000074
hsi_7_0719_227_002_main__ggpt__384,st2_mirrored.7800_8288_1.01stretch,0.00029999999999996696
hsi_5_0718_222_002_main__ggpt__390,st1.35000_35472_0.89stretch,0.01970000000000005
hsi_4_0717_227_003_main__ggpt__393,st1.8087_8452,0.05800000000000005
hsi_7_0719_210_003_main__ggpt__394,st2.5294_5623_1.03stretch,0.09850000000000003
hsi_4_0717_227_004_main__ggpt__395,st1_mirrored.34065_34416_1.21stretch,-0.7124999999999999
hsi_7_0719_211_004_main__ggpt__406,st1_mirrored.45687_45953_1.26stretch,-0.7064
hsi_4_0717_222_003_main__ggpt__407,st2.2732_3078_0.94stretch,-0.38659999999999994
hsi_7_0719_222_004_main__ggpt__408,st1_mirrored.17235_17589_0.82stretch,0.006799999999999917
hsi_6_0718_222_001_main__ggpt__409,st2_mirrored.1527_1810_1.22stretch,0.0015999999999999348
hsi_7_0719_210_001_main__ggpt__410,st2_mirrored.11976_12272_1.24stretch,0.058599999999999985
hsi_6_0718_209_003_main__ggpt__413,st1_mirrored.19997_20370,0.0040000000000000036
hsi_4_0717_227_002_main__ggpt__414,st1.17594_17971_0.96stretch,0.015799999999999925
hsi_5_0718_210_002_main__ggpt__418,st1.22118_22432_1.25stretch,-0.4205000000000001
hsi_7_0719_222_002_main__ggpt__419,st2_mirrored.7035_7426_0.81stretch,-1.0655999999999999
hsi_5_0718_211_002_main__ggpt__421,st1_mirrored.22118_22432_1.28stretch,-0.5852
hsi_6_0718_211_001_main__ggpt__422,st1_mirrored.25173_25609_1.07stretch,0.0
hsi_7_0719_210_002_main__ggpt__423,st1.26421_26880_1.01stretch,0.006799999999999917
hsi_7_0719_209_003_main__ggpt__432,st1.19997_20370_1.16stretch,0.016000000000000014
hsi_5_0718_227_001_main__ggpt__433,st1_mirrored.35477_35907,0.0010000000000000009
hsi_4_0717_211_002_main__ggpt__434,st2.7431_7795_1.27stretch,0.01079999999999992
hsi_6_0718_227_002_main__ggpt__435,st1.22118_22432,-0.33399999999999996
hsi_4_0717_211_003_main__ggpt__436,st1.17976_18360_1.16stretch,0.0
hsi_7_0719_227_002_main__ggpt__437,st1.14865_15137_1.03stretch,0.0006000000000000449
hsi_5_0718_210_001_main__ggpt__439,st2_mirrored.5294_5623,0.020999999999999908
hsi_6_0718_210_002_main__ggpt__444,st1_mirrored.23661_23983_1.14stretch,-0.6324000000000002
hsi_6_0718_227_001_main__ggpt__445,st1_mirrored.8087_8452_1.15stretch,0.010499999999999954
hsi_4_0717_227_003_main__ggpt__446,st1_mirrored.23273_23656_0.99stretch,0.02200000000000002
hsi_4_0717_227_004_main__ggpt__448,st1_mirrored.28025_28393_1.34stretch,0.0008000000000001339
hsi_4_0717_210_001_main__ggpt__449,st1.4764_5084,0.025000000000000022
hsi_5_0718_209_001_main__ggpt__455,st1.13491_13941_1.05stretch,0.03249999999999997
hsi_4_0717_210_003_main__ggpt__458,st2.1527_1810_1.25stretch,0.011499999999999955
hsi_7_0719_211_004_main__ggpt__459,st2_mirrored.9428_9874_0.89stretch,0.0042999999999999705
hsi_7_0719_222_004_main__ggpt__461,st1_mirrored.17594_17971_0.86stretch,-0.05920000000000003
hsi_7_0719_210_001_main__ggpt__463,st1.45132_45682_0.87stretch,-0.48360000000000014
hsi_3_0715_227_001_main__ggpt__464,st1_mirrored.29108_29395_1.02stretch,-0.6038
hsi_4_0717_227_002_main__ggpt__467,st2.7035_7426_0.89stretch,-1.0964
hsi_4_0717_211_001_main__ggpt__470,st1.25614_26056_1.01stretch,-0.7677999999999999
hsi_6_0718_211_001_main__ggpt__475,st1_mirrored.8087_8452_1.28stretch,0.0024000000000001798
hsi_7_0719_211_002_main__ggpt__478,st1.33801_34062_0.9stretch,0.018000000000000016
hsi_7_0719_209_001_main__ggpt__479,st1.16796_17230_0.93stretch,0.0464
hsi_6_0718_210_001_main__ggpt__480,st2_mirrored.6146_6478_1.12stretch,0.002200000000000202
hsi_7_0719_209_003_main__ggpt__485,st1.17235_17589_1.25stretch,0.01750000000000007
hsi_6_0718_227_002_main__ggpt__488,st1.23273_23656,0.0040000000000000036
hsi_4_0717_211_003_main__ggpt__489,st1_mirrored.33801_34062_0.98stretch,0.005199999999999982
hsi_7_0719_227_002_main__ggpt__490,st1_mirrored.9745_10055_1.26stretch,0.011800000000000144
hsi_6_0718_222_003_main__ggpt__495,st1_mirrored.27774_28020_1.31stretch,0.011600000000000166
hsi_6_0718_210_002_main__ggpt__497,st1_mirrored.17594_17971,0.013000000000000012
hsi_4_0717_227_003_main__ggpt__499,st2.1815_2311,0.0020000000000000018
hsi_7_0719_210_003_main__ggpt__500,st1.23661_23983_1.1stretch,0.028000000000000136
hsi_4_0717_227_004_main__ggpt__501,st2.11976_12272_1.16stretch,0.0023999999999999577
hsi_4_0717_209_002_main__ggpt__503,st2.3083_3415_1.36stretch,0.0016000000000000458
hsi_4_0717_210_003_main__ggpt__511,st1.16330_16795,0.006000000000000005
hsi_7_0719_211_004_main__ggpt__512,st2_mirrored.9428_9874_0.86stretch,-0.5228
hsi_7_0719_222_004_main__ggpt__514,st2_mirrored.10512_10854_1.04stretch,-0.789
hsi_6_0718_222_001_main__ggpt__515,st1_mirrored.4446_4759_1.33stretch,-0.5369999999999999
hsi_4_0717_211_001_main__ggpt__523,st1_mirrored.3015_3401_0.94stretch,-0.6084
hsi_7_0719_222_002_main__ggpt__525,st1_mirrored.11922_12193_0.9stretch,0.013000000000000012
hsi_7_0719_211_002_main__ggpt__531,st1_mirrored.17976_18360,0.01100000000000012
hsi_7_0719_227_003_main__ggpt__535,st1.25173_25609,0.0010000000000000009
hsi_5_0718_210_003_main__ggpt__536,st2_mirrored.5294_5623_1.29stretch,0.0004999999999999449
hsi_7_0719_209_003_main__ggpt__538,st2.2732_3078,-0.46999999999999986
hsi_5_0718_227_001_main__ggpt__539,st2.5294_5623_0.98stretch,0.015000000000000124
hsi_5_0718_211_003_main__ggpt__547,st1.7758_8082_1.37stretch,0.0029000000000001247
hsi_6_0718_222_003_main__ggpt__548,st1_mirrored.7758_8082_1.39stretch,0.0012999999999998568
hsi_5_0718_222_002_main__ggpt__549,st2_mirrored.9428_9874,0.0040000000000000036
hsi_6_0718_210_002_main__ggpt__550,st2.2316_2727,0.009000000000000008
hsi_7_0719_210_003_main__ggpt__553,st2_mirrored.5628_6141_0.82stretch,0.0018000000000000238
hsi_5_0718_209_003_main__ggpt__557,st2.9428_9874_0.97stretch,0.015899999999999914
hsi_7_0719_211_004_main__ggpt__565,st1.19997_20370_0.92stretch,0.008000000000000118
hsi_4_0717_222_003_main__ggpt__566,st1.23661_23983_0.89stretch,0.06320000000000003
hsi_6_0718_222_001_main__ggpt__568,st1_mirrored.23273_23656_0.91stretch,-0.17299999999999993
hsi_7_0719_210_001_main__ggpt__569,st2.5628_6141_0.81stretch,0.0039000000000000146
hsi_6_0718_209_003_main__ggpt__572,st1_mirrored.14865_15137_1.04stretch,0.007199999999999984
hsi_6_0718_209_001_main__ggpt__574,st1_mirrored.27461_27769_1.23stretch,0.03499999999999992
hsi_3_0715_210_010_main__ggpt__575,st1_mirrored.19997_20370_1.18stretch,0.024800000000000155
hsi_4_0717_209_003_main__ggpt__579,st1_mirrored.17976_18360_1.28stretch,0.010000000000000009
hsi_7_0719_210_002_main__ggpt__582,st2.1527_1810_1.31stretch,0.0043000000000000815
hsi_6_0718_210_001_main__ggpt__586,st1_mirrored.11922_12193_0.87stretch,0.011900000000000022
hsi_7_0719_227_003_main__ggpt__588,st1_mirrored.26061_26416_1.26stretch,0.00019999999999997797
hsi_5_0718_210_003_main__ggpt__589,st2_mirrored.7035_7426,-0.723
hsi_4_0717_211_002_main__ggpt__593,st2_mirrored.6146_6478_1.04stretch,0.02739999999999987
hsi_7_0719_227_002_main__ggpt__596,st1_mirrored.28398_28825_0.92stretch,-0.7487999999999999
hsi_4_0717_209_001_main__ggpt__599,st1_mirrored.25614_26056_0.98stretch,-0.7504
hsi_4_0717_227_003_main__ggpt__605,st1_mirrored.27461_27769_0.86stretch,0.01200000000000001
hsi_7_0719_210_003_main__ggpt__606,st1.7758_8082_0.81stretch,0.0017000000000000348
hsi_4_0717_227_004_main__ggpt__607,st1.3015_3401_0.97stretch,-0.8027000000000001
hsi_3_0715_209_006_main__ggpt__612,st2.1527_1810,0.010000000000000009
hsi_5_0718_227_002_main__ggpt__615,st2_mirrored.5294_5623_0.98stretch,0.05700000000000016
hsi_7_0719_211_004_main__ggpt__618,st1.3015_3401,-0.6
hsi_7_0719_222_004_main__ggpt__620,st1_mirrored.34065_34416_1.27stretch,-0.7045
hsi_6_0718_222_001_main__ggpt__621,st1.11922_12193_1.32stretch,0.02739999999999998
hsi_7_0719_210_001_main__ggpt__622,st1_mirrored.9453_9745_1.11stretch,0.008100000000000107
hsi_6_0718_209_001_main__ggpt__627,st1.35000_35472,0.0020000000000000018
hsi_4_0717_211_001_main__ggpt__629,st2_mirrored.2732_3078_1.09stretch,-0.7336
hsi_7_0719_222_002_main__ggpt__631,st2_mirrored.7431_7795,0.010999999999999899
hsi_7_0719_210_002_main__ggpt__635,st1.20375_20767_1.12stretch,0.0018000000000000238
hsi_7_0719_211_002_main__ggpt__637,st1.9453_9745_0.86stretch,0.005600000000000049
hsi_6_0718_210_001_main__ggpt__639,st2.2732_3078_1.16stretch,0.021599999999999953
hsi_6_0718_211_002_main__ggpt__640,st1_mirrored.28830_29103_1.03stretch,-0.6493
hsi_7_0719_227_003_main__ggpt__641,st2.7035_7426_1.03stretch,-0.4758
hsi_5_0718_210_003_main__ggpt__642,st1.13491_13941_0.87stretch,-0.6141
hsi_7_0719_209_003_main__ggpt__644,st1_mirrored.9745_10055,0.01200000000000001
hsi_7_0719_227_002_main__ggpt__649,st2.1527_1810_0.82stretch,0.0005999999999999339
hsi_5_0718_210_001_main__ggpt__651,st1.8457_8944,0.02100000000000002
hsi_6_0718_210_002_main__ggpt__656,st1_mirrored.22983_23268_1.24stretch,0.015800000000000036
hsi_4_0717_227_004_main__ggpt__660,st1_mirrored.3015_3401_1.04stretch,-0.5934
hsi_4_0717_209_002_main__ggpt__662,st1_mirrored.29108_29395_1.32stretch,-0.8028
hsi_3_0715_227_002_main__ggpt__666,st1_mirrored.8087_8452_0.96stretch,0.023800000000000043
hsi_4_0717_222_003_main__ggpt__672,st1_mirrored.28398_28825_0.81stretch,-0.7633999999999999
hsi_6_0718_222_001_main__ggpt__674,st2.7800_8288_0.98stretch,0.008399999999999852
hsi_5_0718_209_002_main__ggpt__677,st1.28025_28393_1.05stretch,-0.7185
hsi_6_0718_209_003_main__ggpt__678,st1.4446_4759_1.37stretch,-0.2869999999999999
hsi_6_0718_209_001_main__ggpt__680,st1.45687_45953_1.37stretch,-0.7905
hsi_4_0717_211_001_main__ggpt__682,st2_mirrored.10512_10854_1.23stretch,-0.8624999999999999
hsi_6_0718_211_001_main__ggpt__687,st2.7035_7426,-0.618
hsi_7_0719_210_002_main__ggpt__688,st1_mirrored.14865_15137_0.86stretch,-0.1592
hsi_7_0719_211_002_main__ggpt__690,st2_mirrored.2732_3078_1.27stretch,0.0012000000000000899
hsi_7_0719_209_001_main__ggpt__691,st1.17235_17589_1.05stretch,0.010500000000000176
hsi_6_0718_211_002_main__ggpt__693,st1.19997_20370_1.2stretch,0.038000000000000034
hsi_7_0719_227_003_main__ggpt__694,st1.25614_26056_0.89stretch,-0.6481999999999999
hsi_5_0718_210_003_main__ggpt__695,st1.3015_3401_1.01stretch,-0.6890999999999999
hsi_7_0719_209_003_main__ggpt__697,st2.4179_4492_1.01stretch,-0.7371000000000001
hsi_6_0718_227_002_main__ggpt__700,st1.7376_7753_0.82stretch,-0.237
hsi_4_0717_211_003_main__ggpt__701,st2_mirrored.11976_12272_1.33stretch,0.0032000000000000917
hsi_7_0719_227_002_main__ggpt__702,st1.8087_8452_0.97stretch,0.009099999999999997
hsi_5_0718_211_003_main__ggpt__706,st1.35477_35907_0.97stretch,0.009199999999999875
hsi_6_0718_222_003_main__ggpt__707,st1_mirrored.45687_45953_1.08stretch,-0.5461999999999999
hsi_4_0717_227_003_main__ggpt__711,st1_mirrored.26061_26416,-0.43499999999999994
hsi_4_0717_209_002_main__ggpt__715,st2_mirrored.9428_9874_1.04stretch,0.0027999999999999137
hsi_5_0718_227_002_main__ggpt__721,st1_mirrored.16330_16795,0.006999999999999895
hsi_4_0717_210_003_main__ggpt__723,st2_mirrored.1527_1810_1.35stretch,0.0045000000000000595
hsi_7_0719_222_004_main__ggpt__726,st1_mirrored.45687_45953_1.11stretch,-0.5034000000000001
hsi_6_0718_222_001_main__ggpt__727,st2_mirrored.7035_7426_1.09stretch,0.013600000000000056
hsi_4_0717_209_003_main__ggpt__738,st1.13251_13486_1.04stretch,-0.11180000000000001
hsi_3_0715_227_004_main__ggpt__742,st2_mirrored.2316_2727_0.82stretch,-0.44300000000000006
hsi_7_0719_209_001_main__ggpt__744,st1_mirrored.9453_9745,0.04200000000000004
hsi_6_0718_210_001_main__ggpt__745,st2_mirrored.2732_3078_0.92stretch,-0.8107999999999999
hsi_3_0715_209_008_main__ggpt__749,st1_mirrored.12960_13246_1.07stretch,-0.8042
hsi_7_0719_209_003_main__ggpt__750,st2.10512_10854_1.12stretch,-0.6960000000000001
hsi_7_0719_227_002_main__ggpt__755,st1_mirrored.22118_22432_0.96stretch,-0.3194
hsi_5_0718_222_002_main__ggpt__761,st2.3083_3415_1.19stretch,0.018399999999999972
hsi_6_0718_227_001_main__ggpt__763,st1_mirrored.13251_13486_0.89stretch,-0.5454
hsi_4_0717_227_003_main__ggpt__764,st2_mirrored.7431_7795_1.32stretch,0.02079999999999993
hsi_4_0717_227_004_main__ggpt__766,st1.19997_20370,0.009000000000000008
hsi_4_0717_209_002_main__ggpt__768,st1_mirrored.16796_17230_0.98stretch,0.009199999999999986
hsi_5_0718_209_003_main__ggpt__769,st1.33801_34062_1.01stretch,0.01529999999999998
hsi_5_0718_227_002_main__ggpt__774,st1_mirrored.34065_34416,-0.978
hsi_6_0718_222_001_main__ggpt__780,st1.14865_15137,0.0020000000000000018
hsi_5_0718_209_002_main__ggpt__783,st2.6146_6478_1.09stretch,0.011400000000000077
hsi_6_0718_209_003_main__ggpt__784,st1_mirrored.7758_8082_1.28stretch,0.005599999999999827
hsi_6_0718_209_001_main__ggpt__786,st1.28830_29103,-0.75
hsi_4_0717_211_001_main__ggpt__788,st1.27774_28020_0.82stretch,0.42000000000000004
hsi_4_0717_209_003_main__ggpt__791,st1_mirrored.29108_29395_1.31stretch,-0.8024
hsi_7_0719_210_002_main__ggpt__794,st2.7431_7795_1.28stretch,0.0041999999999999815
hsi_7_0719_211_002_main__ggpt_2__1,st1_mirrored.3015_3401_1.07stretch,-0.7646999999999999
hsi_7_0719_209_001_main__ggpt_2__2,st2.5294_5623_0.86stretch,0.0129999999999999
hsi_6_0718_211_002_main__ggpt_2__4,st2_mirrored.2732_3078_0.9stretch,0.03300000000000003
hsi_4_0717_211_002_main__ggpt_2__10,st1_mirrored.12960_13246_1.04stretch,0.0026000000000000467
hsi_6_0718_227_002_main__ggpt_2__11,st1_mirrored.3015_3401_0.92stretch,-0.6922000000000001
hsi_7_0719_227_002_main__ggpt_2__13,st1.27774_28020_0.9stretch,0.4640000000000001
hsi_3_0715_227_003_main__ggpt_2__14,st1.22983_23268,0.0
hsi_4_0717_209_001_main__ggpt_2__16,st2_mirrored.5294_5623_1.03stretch,0.05249999999999999
hsi_5_0718_211_003_main__ggpt_2__17,st2_mirrored.4179_4492_1.05stretch,-0.8885000000000001
hsi_6_0718_222_003_main__ggpt_2__18,st2_mirrored.1815_2311,0.040000000000000036
hsi_5_0718_222_002_main__ggpt_2__19,st1.9745_10055_1.37stretch,0.026600000000000068
hsi_4_0717_227_004_main__ggpt_2__24,st1_mirrored.34065_34416_1.15stretch,-0.6355000000000001
hsi_5_0718_222_003_main__ggpt_2__28,st1_mirrored.26061_26416_1.13stretch,-0.6074000000000002
hsi_7_0719_211_004_main__ggpt_2__35,st1.26061_26416_1.12stretch,-0.5247999999999999
hsi_7_0719_222_004_main__ggpt_2__37,st1_mirrored.29108_29395_1.16stretch,-0.7093999999999999
hsi_6_0718_222_001_main__ggpt_2__38,st1.35477_35907,0.017000000000000015
hsi_7_0719_210_001_main__ggpt_2__39,st1.16796_17230_0.9stretch,0.013000000000000012
hsi_6_0718_209_003_main__ggpt_2__42,st2_mirrored.6483_7030_0.86stretch,0.0036000000000000476
hsi_7_0719_222_002_main__ggpt_2__48,st1.9745_10055_1.32stretch,0.03260000000000007
hsi_5_0718_211_002_main__ggpt_2__50,st1.15138_15625_0.87stretch,-0.6459999999999999
hsi_7_0719_209_001_main__ggpt_2__55,st1.29108_29395_0.82stretch,0.174
hsi_5_0718_210_003_main__ggpt_2__59,st2.9428_9874_0.85stretch,-0.4284999999999999
hsi_7_0719_209_003_main__ggpt_2__61,st1.11922_12193_1.07stretch,0.0009000000000001229
hsi_4_0717_211_002_main__ggpt_2__63,st1_mirrored.26421_26880_0.87stretch,0.007299999999999862
hsi_6_0718_227_002_main__ggpt_2__64,st1_mirrored.17594_17971_0.9stretch,0.014000000000000012
hsi_6_0718_222_003_main__ggpt_2__71,st1_mirrored.14865_15137,0.01100000000000001
hsi_5_0718_222_002_main__ggpt_2__72,st1_mirrored.26421_26880_1.05stretch,0.0004999999999999449
hsi_6_0718_227_001_main__ggpt_2__74,st1.33801_34062_1.04stretch,0.017199999999999993
hsi_4_0717_227_003_main__ggpt_2__75,st2.4179_4492_1.02stretch,-0.8562000000000001
hsi_7_0719_210_003_main__ggpt_2__76,st2_mirrored.7431_7795_1.16stretch,0.009399999999999853
hsi_4_0717_227_004_main__ggpt_2__77,st1.43572_44146_0.83stretch,0.011300000000000088
hsi_4_0717_209_002_main__ggpt_2__79,st2.11449_11971_0.82stretch,-0.4640000000000001
hsi_3_0715_209_006_main__ggpt_2__82,st1_mirrored.7758_8082,0.0050000000000000044
hsi_6_0718_222_001_main__ggpt_2__91,st1.27774_28020_1.04stretch,0.027000000000000024
hsi_7_0719_210_001_main__ggpt_2__92,st1.34065_34416,-0.6040000000000001
hsi_5_0718_209_002_main__ggpt_2__94,st1_mirrored.28398_28825,-0.823
hsi_6_0718_209_001_main__ggpt_2__97,st2_mirrored.2316_2727,0.028000000000000025
hsi_4_0717_209_003_main__ggpt_2__102,st1.29108_29395_1.25stretch,-0.8225
hsi_7_0719_210_002_main__ggpt_2__105,st1_mirrored.13251_13486_0.97stretch,-0.19919999999999993
hsi_7_0719_211_002_main__ggpt_2__107,st1.27774_28020_0.87stretch,0.4475
hsi_6_0718_210_001_main__ggpt_2__109,st1_mirrored.27774_28020_0.89stretch,0.46740000000000004
hsi_6_0718_211_002_main__ggpt_2__110,st2_mirrored.7431_7795_1.01stretch,0.0033999999999999586
hsi_7_0719_209_003_main__ggpt_2__114,st2_mirrored.6146_6478,0.020000000000000018
hsi_4_0717_211_002_main__ggpt_2__116,st1_mirrored.7758_8082_1.07stretch,0.0029000000000000137
hsi_7_0719_227_002_main__ggpt_2__119,st1.11922_12193_1.37stretch,0.005900000000000238
hsi_4_0717_209_001_main__ggpt_2__122,st1.25614_26056,-0.8380000000000001
hsi_4_0717_227_004_main__ggpt_2__130,st1.9453_9745_1.09stretch,0.012900000000000134
hsi_4_0717_210_001_main__ggpt_2__131,st1.28398_28825_1.07stretch,-1.2785
hsi_4_0717_209_002_main__ggpt_2__132,st1.17976_18360_1.2stretch,0.0030000000000001137
hsi_4_0717_210_003_main__ggpt_2__140,st2_mirrored.1527_1810_0.97stretch,0.0010999999999999899
hsi_4_0717_222_003_main__ggpt_2__142,st1.27461_27769_0.98stretch,0.008199999999999985
hsi_7_0719_222_004_main__ggpt_2__143,st1.29108_29395_1.14stretch,-0.692
hsi_7_0719_210_001_main__ggpt_2__145,st1.28398_28825,-0.8740000000000001
hsi_6_0718_209_001_main__ggpt_2__150,st1_mirrored.9745_10055_1.25stretch,0.007000000000000117
hsi_5_0718_210_002_main__ggpt_2__153,st1_mirrored.28025_28393_0.94stretch,-0.49219999999999997
hsi_5_0718_211_002_main__ggpt_2__156,st2_mirrored.6146_6478_1.11stretch,0.0726
hsi_7_0719_210_002_main__ggpt_2__158,st1.7376_7753_0.89stretch,0.03300000000000003
hsi_7_0719_211_002_main__ggpt_2__160,st2.7800_8288,0.006000000000000005
hsi_7_0719_209_003_main__ggpt_2__167,st1.34065_34416_0.89stretch,-0.3764
hsi_6_0718_227_002_main__ggpt_2__170,st1_mirrored.9453_9745_1.12stretch,0.02220000000000011
hsi_4_0717_211_003_main__ggpt_2__171,st1.26061_26416_1.06stretch,-0.7293999999999998
hsi_7_0719_227_002_main__ggpt_2__172,st1.8457_8944_0.97stretch,0.0027000000000000357
hsi_5_0718_210_001_main__ggpt_2__174,st1.23273_23656_0.91stretch,0.0029000000000000137
hsi_4_0717_209_001_main__ggpt_2__175,st2.7431_7795_0.92stretch,0.04180000000000006
hsi_5_0718_211_003_main__ggpt_2__176,st1.23661_23983_1.18stretch,-0.7145999999999999
hsi_6_0718_222_003_main__ggpt_2__177,st1.33801_34062_0.87stretch,0.0131
hsi_6_0718_210_002_main__ggpt_2__179,st1_mirrored.15138_15625,-0.545
hsi_4_0717_210_001_main__ggpt_2__184,st1_mirrored.8087_8452_1.02stretch,0.007600000000000162
hsi_5_0718_209_003_main__ggpt_2__186,st1_mirrored.29108_29395_1.01stretch,-0.5593999999999999
hsi_3_0715_227_002_main__ggpt_2__189,st1.22118_22432_0.82stretch,-0.3658
hsi_5_0718_209_001_main__ggpt_2__190,st1_mirrored.8949_9448_0.94stretch,0.0040000000000000036
hsi_4_0717_210_003_main__ggpt_2__193,st1.27461_27769_1.07stretch,0.0013000000000000789
hsi_7_0719_211_004_main__ggpt_2__194,st1.16330_16795_0.92stretch,0.006799999999999917
hsi_7_0719_222_004_main__ggpt_2__196,st1_mirrored.11922_12193_1.04stretch,0.0008000000000000229
hsi_6_0718_222_001_main__ggpt_2__197,st1_mirrored.26885_27456_0.81stretch,0.015100000000000002
hsi_7_0719_210_001_main__ggpt_2__198,st2.7431_7795_1.09stretch,0.0045999999999999375
hsi_5_0718_210_002_main__ggpt_2__206,st1.25173_25609_0.96stretch,0.00539999999999996
hsi_5_0718_211_002_main__ggpt_2__209,st1_mirrored.38708_39256_0.89stretch,0.0044999999999999485
hsi_7_0719_210_002_main__ggpt_2__211,st1_mirrored.7758_8082_1.05stretch,0.0034999999999999476
hsi_7_0719_209_001_main__ggpt_2__214,st1.28398_28825_0.81stretch,-0.8485
hsi_7_0719_227_003_main__ggpt_2__217,st1_mirrored.9745_10055_0.97stretch,-0.7954
hsi_3_0715_209_008_main__ggpt_2__219,st1.45687_45953_1.0stretch,-0.44099999999999995
hsi_7_0719_209_003_main__ggpt_2__220,st2_mirrored.11976_12272_1.21stretch,0.03639999999999999
hsi_6_0718_227_002_main__ggpt_2__223,st1_mirrored.23661_23983_0.82stretch,0.04579999999999995
hsi_4_0717_211_003_main__ggpt_2__224,st1_mirrored.26421_26880,0.0020000000000000018
hsi_7_0719_227_002_main__ggpt_2__225,st1_mirrored.33801_34062_1.33stretch,0.0032000000000000917
hsi_5_0718_210_001_main__ggpt_2__227,st2.10512_10854_0.86stretch,-0.459
hsi_5_0718_211_003_main__ggpt_2__229,st1.34421_34995_0.85stretch,0.010000000000000009
hsi_4_0717_227_003_main__ggpt_2__234,st1_mirrored.26061_26416_1.18stretch,0.013599999999999945
hsi_7_0719_210_003_main__ggpt_2__235,st1_mirrored.27774_28020_0.99stretch,-0.10960000000000003
hsi_4_0717_227_004_main__ggpt_2__236,st1_mirrored.22437_22978_0.86stretch,-0.855
hsi_4_0717_210_001_main__ggpt_2__237,st1.11922_12193_0.86stretch,0.0011999999999999789
hsi_4_0717_209_002_main__ggpt_2__238,st1_mirrored.4446_4759_0.97stretch,0.013000000000000012
hsi_5_0718_209_003_main__ggpt_2__239,st1.26061_26416_1.09stretch,-0.4821
hsi_3_0715_227_002_main__ggpt_2__242,st2.2732_3078_0.93stretch,-0.2572
hsi_7_0719_210_001_main__ggpt_2__251,st1_mirrored.14865_15137_0.89stretch,-0.12330000000000008
hsi_6_0718_209_003_main__ggpt_2__254,st1.12960_13246_1.03stretch,-0.12109999999999999
hsi_7_0719_222_002_main__ggpt_2__260,st1.7376_7753_0.86stretch,0.031000000000000028
hsi_4_0717_209_003_main__ggpt_2__261,st1_mirrored.35477_35907_0.94stretch,0.029799999999999938
hsi_6_0718_210_001_main__ggpt_2__268,st1_mirrored.22983_23268_0.99stretch,0.005800000000000027
hsi_4_0717_211_002_main__ggpt_2__275,st2.4179_4492_1.16stretch,-1.2126000000000001
hsi_4_0717_211_003_main__ggpt_2__277,st1.27774_28020_1.01stretch,-0.0744999999999999
hsi_7_0719_227_002_main__ggpt_2__278,st1_mirrored.17976_18360_0.86stretch,0.03300000000000003
hsi_4_0717_209_001_main__ggpt_2__281,st1_mirrored.16796_17230,0.0010000000000000009
hsi_6_0718_222_003_main__ggpt_2__283,st1.4446_4759,0.020000000000000018
hsi_6_0718_210_002_main__ggpt_2__285,st1_mirrored.4446_4759,0.03799999999999992
hsi_6_0718_227_001_main__ggpt_2__286,st1.27774_28020,0.007000000000000006
hsi_4_0717_227_003_main__ggpt_2__287,st1_mirrored.25173_25609_0.98stretch,0.01200000000000001
hsi_4_0717_227_004_main__ggpt_2__289,st1_mirrored.28830_29103_1.12stretch,-1.0452
hsi_4_0717_210_003_main__ggpt_2__299,st1.45687_45953_0.86stretch,0.184
hsi_4_0717_222_003_main__ggpt_2__301,st1_mirrored.26061_26416_1.12stretch,-0.5246000000000001
hsi_6_0718_222_001_main__ggpt_2__303,st1.9745_10055_0.86stretch,0.023799999999999932
hsi_7_0719_210_001_main__ggpt_2__304,st1_mirrored.35000_35472_0.92stretch,0.03080000000000005
hsi_4_0717_227_002_main__ggpt_2__308,st1_mirrored.17976_18360_0.95stretch,0.0044999999999999485
hsi_6_0718_209_001_main__ggpt_2__309,st2_mirrored.10512_10854,-0.7700000000000001
hsi_4_0717_211_001_main__ggpt_2__311,st2.10512_10854_1.06stretch,-0.7609999999999999
hsi_5_0718_210_002_main__ggpt_2__312,st1_mirrored.17594_17971_1.28stretch,0.013399999999999856
hsi_4_0717_209_003_main__ggpt_2__314,st1.7376_7753_1.04stretch,0.0
hsi_5_0718_211_002_main__ggpt_2__315,st2.5628_6141_0.83stretch,0.013699999999999823
hsi_6_0718_211_001_main__ggpt_2__316,st1.45958_46512_0.81stretch,-0.7022999999999999
hsi_3_0715_227_004_main__ggpt_2__318,st1.34065_34416_1.1stretch,-0.603
hsi_6_0718_210_001_main__ggpt_2__321,st1_mirrored.8457_8944,0.013000000000000012
hsi_7_0719_227_003_main__ggpt_2__323,st1_mirrored.23661_23983,0.0039999999999998925
hsi_7_0719_209_003_main__ggpt_2__326,st1_mirrored.45687_45953_0.82stretch,0.1822
hsi_4_0717_211_002_main__ggpt_2__328,st2.6146_6478_0.92stretch,0.012199999999999989
hsi_6_0718_227_002_main__ggpt_2__329,st1_mirrored.4446_4759_1.39stretch,0.010000000000000009
hsi_7_0719_227_002_main__ggpt_2__331,st1_mirrored.23273_23656_0.94stretch,0.0010000000000000009
hsi_5_0718_210_001_main__ggpt_2__333,st1_mirrored.26061_26416_1.03stretch,-0.8623999999999998
hsi_5_0718_211_003_main__ggpt_2__335,st1.34065_34416_1.01stretch,-0.7606
hsi_6_0718_222_003_main__ggpt_2__336,st1.20375_20767,0.0
hsi_6_0718_210_002_main__ggpt_2__338,st1_mirrored.8087_8452,0.0020000000000000018
hsi_6_0718_227_001_main__ggpt_2__339,st1.28025_28393_0.91stretch,-0.8819
hsi_7_0719_210_003_main__ggpt_2__341,st1_mirrored.16796_17230_0.86stretch,0.0023999999999999577
hsi_4_0717_227_004_main__ggpt_2__342,st1.19997_20370_1.19stretch,0.026000000000000023
hsi_4_0717_209_002_main__ggpt_2__344,st1_mirrored.28025_28393_1.33stretch,0.0046000000000000485
hsi_5_0718_209_003_main__ggpt_2__345,st1_mirrored.43050_43567_0.82stretch,0.013000000000000123
hsi_5_0718_209_001_main__ggpt_2__349,st1_mirrored.8949_9448_0.92stretch,0.027000000000000246
hsi_7_0719_222_004_main__ggpt_2__355,st1.34065_34416_1.14stretch,-0.5994
hsi_6_0718_209_003_main__ggpt_2__360,st2.6146_6478,0.14100000000000001
hsi_6_0718_209_001_main__ggpt_2__362,st1.16796_17230_0.94stretch,0.00019999999999986695
hsi_4_0717_209_003_main__ggpt_2__367,st1.17976_18360_0.92stretch,0.0050000000000001155
hsi_6_0718_211_001_main__ggpt_2__369,st1_mirrored.27774_28020_1.24stretch,0.005400000000000071
hsi_7_0719_210_002_main__ggpt_2__370,st2_mirrored.3083_3415_1.38stretch,0.007800000000000029
hsi_7_0719_211_002_main__ggpt_2__372,st1.9745_10055_1.0stretch,0.05800000000000005
hsi_6_0718_210_001_main__ggpt_2__374,st2.2316_2727_1.04stretch,0.016000000000000014
hsi_4_0717_211_002_main__ggpt_2__381,st1_mirrored.23273_23656_1.04stretch,0.008000000000000007
hsi_6_0718_227_002_main__ggpt_2__382,st1.9453_9745_1.12stretch,0.017200000000000104
hsi_4_0717_211_003_main__ggpt_2__383,st2.11976_12272_1.25stretch,0.010000000000000009
hsi_7_0719_227_002_main__ggpt_2__384,st1.27461_27769_0.94stretch,0.0046000000000000485
hsi_3_0715_227_003_main__ggpt_2__385,st2.2732_3078_0.9stretch,-0.33299999999999996
hsi_5_0718_210_001_main__ggpt_2__386,st2_mirrored.4179_4492_1.28stretch,-0.9027999999999999
hsi_6_0718_222_003_main__ggpt_2__389,st2_mirrored.7035_7426_0.86stretch,-0.7476
hsi_6_0718_210_002_main__ggpt_2__391,st2.7800_8288_0.94stretch,0.0381999999999999
hsi_4_0717_227_003_main__ggpt_2__393,st1_mirrored.25173_25609,0.016000000000000014
hsi_4_0717_227_004_main__ggpt_2__395,st1.22983_23268_1.28stretch,0.059800000000000075
hsi_4_0717_210_001_main__ggpt_2__396,st1.38708_39256_0.91stretch,0.00029999999999996696
hsi_5_0718_209_003_main__ggpt_2__398,st1_mirrored.23661_23983_1.31stretch,0.02289999999999992
hsi_4_0717_210_003_main__ggpt_2__405,st1_mirrored.45132_45682_0.86stretch,-0.5326000000000001
hsi_7_0719_211_004_main__ggpt_2__406,st1_mirrored.19997_20370_0.89stretch,0.03990000000000005
hsi_7_0719_222_004_main__ggpt_2__408,st1.23661_23983_1.01stretch,0.02180000000000004
hsi_6_0718_222_001_main__ggpt_2__409,st1_mirrored.27461_27769_0.9stretch,0.0050000000000000044
hsi_6_0718_209_003_main__ggpt_2__413,st1.28830_29103_1.1stretch,-0.665
hsi_4_0717_227_002_main__ggpt_2__414,st2.4179_4492_1.31stretch,-1.0451000000000001
hsi_4_0717_211_001_main__ggpt_2__417,st1_mirrored.47091_47610_0.92stretch,0.0016000000000000458
hsi_7_0719_210_002_main__ggpt_2__423,st1_mirrored.27461_27769_1.28stretch,0.009000000000000119
hsi_3_0715_227_004_main__ggpt_2__424,st1_mirrored.34065_34416_1.24stretch,-0.536
hsi_7_0719_209_003_main__ggpt_2__432,st1_mirrored.35000_35472,0.0
hsi_6_0718_227_002_main__ggpt_2__435,st1_mirrored.20375_20767,0.016999999999999904
hsi_7_0719_227_002_main__ggpt_2__437,st1_mirrored.9453_9745_1.04stretch,0.01540000000000008
hsi_6_0718_222_003_main__ggpt_2__442,st1_mirrored.22118_22432_1.22stretch,-0.6608
hsi_6_0718_227_001_main__ggpt_2__445,st1.16330_16795_0.9stretch,0.02499999999999991
hsi_4_0717_227_004_main__ggpt_2__448,st2.5294_5623,0.02400000000000002
hsi_4_0717_210_001_main__ggpt_2__449,st1_mirrored.27774_28020,-0.05999999999999994
hsi_5_0718_222_003_main__ggpt_2__452,st1.27461_27769_1.04stretch,0.05360000000000009
hsi_5_0718_209_001_main__ggpt_2__455,st2.2316_2727_1.12stretch,0.001000000000000112
hsi_5_0718_227_002_main__ggpt_2__456,st1_mirrored.47091_47610_0.81stretch,0.005800000000000027
hsi_4_0717_210_003_main__ggpt_2__458,st1.28025_28393,-0.6190000000000001
hsi_7_0719_211_004_main__ggpt_2__459,st2_mirrored.3083_3415,-0.236
hsi_7_0719_222_004_main__ggpt_2__461,st1_mirrored.19997_20370_1.14stretch,0.008399999999999963
hsi_7_0719_210_001_main__ggpt_2__463,st1.22983_23268_0.9stretch,0.014000000000000123
hsi_6_0718_209_001_main__ggpt_2__468,st1.35000_35472_0.86stretch,-0.5962000000000001
hsi_4_0717_211_001_main__ggpt_2__470,st2_mirrored.7431_7795_1.31stretch,0.006399999999999961
hsi_7_0719_209_001_main__ggpt_2__479,st1_mirrored.28025_28393_0.98stretch,-0.7474
hsi_7_0719_209_003_main__ggpt_2__485,st2.5628_6141_0.96stretch,0.00039999999999995595
hsi_4_0717_211_002_main__ggpt_2__487,st1_mirrored.33801_34062_1.34stretch,0.024600000000000066
hsi_6_0718_227_002_main__ggpt_2__488,st1_mirrored.3015_3401_0.98stretch,-0.7978
hsi_4_0717_211_003_main__ggpt_2__489,st1.34065_34416_1.18stretch,-0.8078
hsi_7_0719_227_002_main__ggpt_2__490,st1.17594_17971_0.81stretch,0.006800000000000028
hsi_5_0718_210_001_main__ggpt_2__492,st2_mirrored.6146_6478_1.32stretch,0.008199999999999985
hsi_6_0718_222_003_main__ggpt_2__495,st2.11976_12272,0.01100000000000001
hsi_6_0718_210_002_main__ggpt_2__497,st2.1815_2311_0.99stretch,0.020200000000000218
hsi_4_0717_227_003_main__ggpt_2__499,st1.20375_20767_1.04stretch,0.022600000000000176
hsi_7_0719_210_003_main__ggpt_2__500,st1.14865_15137_1.26stretch,0.040200000000000014
hsi_5_0718_209_003_main__ggpt_2__504,st1.16796_17230_0.92stretch,0.0606000000000001
hsi_3_0715_227_002_main__ggpt_2__507,st1_mirrored.22118_22432_1.02stretch,-0.7537999999999999
hsi_5_0718_227_002_main__ggpt_2__509,st1.8087_8452_1.35stretch,0.0025000000000001688
hsi_7_0719_222_004_main__ggpt_2__514,st2.10512_10854_1.09stretch,-0.7585
hsi_6_0718_222_001_main__ggpt_2__515,st1_mirrored.28830_29103_1.13stretch,-0.7473
hsi_6_0718_209_003_main__ggpt_2__519,st1_mirrored.4764_5084,0.017000000000000015
hsi_4_0717_227_002_main__ggpt_2__520,st1.7758_8082,-0.43000000000000005
hsi_6_0718_209_001_main__ggpt_2__521,st1_mirrored.12960_13246,0.013000000000000012
hsi_3_0715_210_010_main__ggpt_2__522,st2_mirrored.1527_1810,0.008000000000000007
hsi_4_0717_209_003_main__ggpt_2__526,st1.8457_8944_0.89stretch,0.013900000000000023
hsi_5_0718_211_002_main__ggpt_2__527,st1.4446_4759_1.09stretch,-0.3969999999999999
hsi_6_0718_211_001_main__ggpt_2__528,st2_mirrored.3083_3415_0.91stretch,0.005599999999999938
hsi_7_0719_211_002_main__ggpt_2__531,st1_mirrored.4446_4759_1.01stretch,-0.18100000000000005
hsi_7_0719_209_001_main__ggpt_2__532,st1.29108_29395,-0.45399999999999996
hsi_6_0718_211_002_main__ggpt_2__534,st1.13251_13486,-0.128
hsi_5_0718_227_001_main__ggpt_2__539,st1_mirrored.17235_17589_1.26stretch,0.0043999999999999595
hsi_4_0717_211_002_main__ggpt_2__540,st1.9745_10055,0.038000000000000034
hsi_4_0717_211_003_main__ggpt_2__542,st1_mirrored.13491_13941_0.86stretch,-0.4438
hsi_3_0715_227_003_main__ggpt_2__544,st1_mirrored.7376_7753_1.03stretch,0.0050000000000000044
hsi_6_0718_222_003_main__ggpt_2__548,st2_mirrored.7800_8288,0.0040000000000000036
hsi_6_0718_210_002_main__ggpt_2__550,st1_mirrored.20375_20767_1.11stretch,0.0034000000000000696
hsi_4_0717_227_003_main__ggpt_2__552,st1_mirrored.25173_25609_0.81stretch,-0.373
hsi_4_0717_227_004_main__ggpt_2__554,st1_mirrored.25614_26056_0.94stretch,-0.8452000000000001
hsi_4_0717_210_001_main__ggpt_2__555,st1.45687_45953,-0.43700000000000006
hsi_4_0717_210_003_main__ggpt_2__564,st1_mirrored.8949_9448_0.93stretch,0.002000000000000224
hsi_7_0719_211_004_main__ggpt_2__565,st1_mirrored.13251_13486,-0.07899999999999996
hsi_4_0717_222_003_main__ggpt_2__566,st1_mirrored.22118_22432,0.006000000000000005
hsi_7_0719_222_004_main__ggpt_2__567,st1.8087_8452_1.22stretch,0.01859999999999995
hsi_6_0718_222_001_main__ggpt_2__568,st2.11449_11971_0.87stretch,0.006000000000000005
hsi_7_0719_210_001_main__ggpt_2__569,st1_mirrored.19997_20370_1.1stretch,0.01100000000000012
hsi_4_0717_227_002_main__ggpt_2__573,st1.22983_23268_0.95stretch,0.00649999999999995
hsi_4_0717_211_001_main__ggpt_2__576,st2_mirrored.11976_12272,0.01100000000000001
hsi_7_0719_222_002_main__ggpt_2__578,st1_mirrored.11922_12193_1.01stretch,0.0027000000000000357
hsi_4_0717_209_003_main__ggpt_2__579,st1.25173_25609_0.83stretch,0.0017000000000000348
hsi_5_0718_211_002_main__ggpt_2__580,st1_mirrored.17976_18360_1.23stretch,0.0015000000000000568
hsi_6_0718_211_001_main__ggpt_2__581,st1.7758_8082_1.4stretch,0.0029999999999998916
hsi_7_0719_210_002_main__ggpt_2__582,st1_mirrored.7376_7753,0.014000000000000012
hsi_6_0718_210_001_main__ggpt_2__586,st1_mirrored.7376_7753_1.26stretch,0.002000000000000224
hsi_7_0719_227_003_main__ggpt_2__588,st1.7376_7753,0.03400000000000003
hsi_5_0718_210_003_main__ggpt_2__589,st1.12960_13246_1.31stretch,-0.4667
hsi_7_0719_209_003_main__ggpt_2__591,st1.9453_9745,0.009000000000000008
hsi_4_0717_211_003_main__ggpt_2__595,st2.1815_2311_0.89stretch,0.042200000000000015
hsi_7_0719_227_002_main__ggpt_2__596,st1_mirrored.15138_15625_0.82stretch,-0.591
hsi_6_0718_222_003_main__ggpt_2__601,st1.28830_29103_1.27stretch,-0.7843999999999999
hsi_6_0718_227_001_main__ggpt_2__604,st1_mirrored.4446_4759_0.85stretch,0.08700000000000002
hsi_4_0717_227_004_main__ggpt_2__607,st1.28830_29103_1.32stretch,-0.9314
hsi_4_0717_210_001_main__ggpt_2__608,st2.11449_11971_0.9stretch,0.014000000000000012
hsi_4_0717_209_002_main__ggpt_2__609,st1.35477_35907_0.89stretch,-0.4496000000000001
hsi_4_0717_222_003_main__ggpt_2__619,st1_mirrored.17976_18360_0.9stretch,0.03700000000000003
hsi_6_0718_222_001_main__ggpt_2__621,st1_mirrored.28830_29103,-0.706
hsi_5_0718_210_002_main__ggpt_2__630,st2_mirrored.7431_7795_1.02stretch,-0.20620000000000005
hsi_6_0718_211_001_main__ggpt_2__634,st1_mirrored.27461_27769,0.01200000000000001
hsi_7_0719_211_002_main__ggpt_2__637,st1_mirrored.7758_8082_0.83stretch,0.0020999999999999908
hsi_7_0719_209_001_main__ggpt_2__638,st1_mirrored.45687_45953_1.1stretch,-0.482
hsi_7_0719_227_003_main__ggpt_2__641,st1_mirrored.17235_17589,0.0129999999999999
hsi_5_0718_210_003_main__ggpt_2__642,st2.6146_6478_1.27stretch,0.0011999999999998678
hsi_7_0719_209_003_main__ggpt_2__644,st1_mirrored.12960_13246_0.94stretch,-0.22639999999999993
hsi_5_0718_227_001_main__ggpt_2__645,st1.17235_17589_1.16stretch,0.02980000000000005
hsi_4_0717_211_002_main__ggpt_2__646,st1_mirrored.8087_8452_1.22stretch,0.0016000000000000458
hsi_6_0718_227_002_main__ggpt_2__647,st1.45687_45953_1.07stretch,-0.5645
hsi_5_0718_210_001_main__ggpt_2__651,st1_mirrored.20375_20767_1.12stretch,0.0048000000000001375
hsi_4_0717_209_001_main__ggpt_2__652,st1.25173_25609_0.91stretch,0.006900000000000017
hsi_5_0718_211_003_main__ggpt_2__653,st1.28830_29103_1.04stretch,-0.6397999999999999
hsi_6_0718_222_003_main__ggpt_2__654,st1_mirrored.26885_27456_0.83stretch,0.012299999999999978
hsi_6_0718_210_002_main__ggpt_2__656,st1.9453_9745_1.06stretch,0.007600000000000162
hsi_6_0718_227_001_main__ggpt_2__657,st1.23661_23983_1.14stretch,0.008199999999999985
hsi_4_0717_227_003_main__ggpt_2__658,st1.32625_33129_0.95stretch,0.01849999999999996
hsi_4_0717_210_001_main__ggpt_2__661,st1.14865_15137_1.12stretch,0.005400000000000071
hsi_4_0717_209_002_main__ggpt_2__662,st1_mirrored.3015_3401,-0.6050000000000001
hsi_3_0715_227_001_main__ggpt_2__676,st1.11922_12193_1.0stretch,0.009000000000000008
hsi_6_0718_209_003_main__ggpt_2__678,st1.13251_13486_1.32stretch,0.011600000000000166
hsi_4_0717_227_002_main__ggpt_2__679,st1.26061_26416,-0.5279999999999999
hsi_4_0717_211_001_main__ggpt_2__682,st1_mirrored.22983_23268_1.31stretch,0.02420000000000022
hsi_7_0719_222_002_main__ggpt_2__684,st2_mirrored.9428_9874_0.82stretch,0.05039999999999989
hsi_4_0717_209_003_main__ggpt_2__685,st1_mirrored.34065_34416_1.33stretch,-0.6094999999999999
hsi_5_0718_211_002_main__ggpt_2__686,st2.2732_3078_0.92stretch,-0.5998
hsi_6_0718_211_001_main__ggpt_2__687,st1.3015_3401_0.85stretch,-0.5025000000000001
hsi_6_0718_210_001_main__ggpt_2__692,st2.3083_3415_1.16stretch,0.014599999999999946
hsi_7_0719_209_003_main__ggpt_2__697,st1_mirrored.14865_15137_1.24stretch,0.019199999999999995
hsi_6_0718_227_002_main__ggpt_2__700,st2.3083_3415_1.2stretch,0.005999999999999894
hsi_7_0719_227_002_main__ggpt_2__702,st1_mirrored.19997_20370_1.01stretch,0.014100000000000001
hsi_4_0717_209_001_main__ggpt_2__705,st2.5294_5623_1.31stretch,0.011500000000000288
hsi_5_0718_211_003_main__ggpt_2__706,st1_mirrored.23273_23656_1.23stretch,0.018000000000000016
hsi_6_0718_227_001_main__ggpt_2__710,st1.4446_4759_1.4stretch,-0.487
hsi_7_0719_210_003_main__ggpt_2__712,st1.17594_17971,0.016000000000000014
hsi_4_0717_227_004_main__ggpt_2__713,st1.17235_17589_0.87stretch,0.0030999999999999917
hsi_4_0717_210_001_main__ggpt_2__714,st2_mirrored.11976_12272_1.15stretch,0.0050000000000000044
hsi_4_0717_209_002_main__ggpt_2__715,st1.45687_45953_1.32stretch,-0.708
hsi_5_0718_209_001_main__ggpt_2__720,st2_mirrored.10512_10854_0.91stretch,-0.8725
hsi_5_0718_227_002_main__ggpt_2__721,st1.7376_7753_1.24stretch,0.006000000000000005
hsi_6_0718_222_001_main__ggpt_2__727,st2.4179_4492,-0.619
hsi_6_0718_209_003_main__ggpt_2__731,st2_mirrored.10512_10854_0.99stretch,-0.7084999999999999
hsi_4_0717_227_002_main__ggpt_2__732,st1.20375_20767_1.11stretch,0.0043999999999999595
hsi_7_0719_222_002_main__ggpt_2__737,st1_mirrored.14865_15137_0.82stretch,-0.12040000000000006
hsi_7_0719_210_002_main__ggpt_2__741,st1_mirrored.28398_28825_1.07stretch,-0.6548
hsi_7_0719_209_003_main__ggpt__8,st1.14865_15137_1.26stretch,0.0021999999999999797
hsi_5_0718_211_003_main__ggpt__17,st1_mirrored.23273_23656_0.94stretch,0.0050000000000000044
hsi_5_0718_227_002_main__ggpt__32,st1.8087_8452_1.22stretch,-0.5173999999999999
hsi_6_0718_222_001_main__ggpt__38,st1_mirrored.27461_27769_0.95stretch,-1.041
hsi_7_0719_210_001_main__ggpt__39,st1.8949_9448_0.86stretch,-1.0789999999999997
hsi_7_0719_210_002_main__ggpt__52,st1_mirrored.14865_15137_1.24stretch,0.00019999999999997797
hsi_7_0719_211_002_main__ggpt__54,st1.9745_10055_0.86stretch,0.0048000000000000265
hsi_6_0718_210_001_main__ggpt__56,st2_mirrored.5294_5623_0.98stretch,0.0040000000000000036
hsi_4_0717_211_003_main__ggpt__65,st1.7758_8082_1.09stretch,0.005300000000000082
hsi_4_0717_209_001_main__ggpt__69,st1_mirrored.22983_23268_0.99stretch,0.01980000000000004
hsi_5_0718_211_003_main__ggpt__70,st1.27461_27769_0.94stretch,-0.35339999999999994
hsi_6_0718_222_003_main__ggpt__71,st1.45958_46512_0.81stretch,-1.5012999999999999
hsi_5_0718_222_002_main__ggpt__72,st1_mirrored.9745_10055_0.89stretch,-1.0737999999999999
hsi_7_0719_210_003_main__ggpt__76,st1_mirrored.7376_7753_1.13stretch,-0.5190000000000001
hsi_4_0717_227_004_main__ggpt__77,st2.11976_12272_1.16stretch,0.03639999999999999
hsi_4_0717_210_001_main__ggpt__78,st1_mirrored.27461_27769,-0.2899999999999999
hsi_5_0718_222_003_main__ggpt__81,st1.13491_13941,-0.9049999999999999
hsi_5_0718_209_001_main__ggpt__84,st2_mirrored.1527_1810,-0.6739999999999999
hsi_3_0715_210_011_main__ggpt__86,st1_mirrored.28025_28393_1.33stretch,-0.8093999999999999
hsi_4_0717_210_003_main__ggpt__87,st1.9745_10055_1.32stretch,-0.5583999999999999
hsi_7_0719_211_004_main__ggpt__88,st1_mirrored.8949_9448_0.94stretch,-0.9179999999999999
hsi_6_0718_222_001_main__ggpt__91,st2_mirrored.5294_5623_1.31stretch,0.03950000000000009
hsi_3_0715_227_001_main__ggpt__93,st1_mirrored.11922_12193_0.87stretch,-1.4120999999999997
hsi_4_0717_211_001_main__ggpt__99,st1_mirrored.20375_20767,0.03499999999999992
hsi_5_0718_210_002_main__ggpt__100,st1.27461_27769_1.07stretch,-1.1686999999999999
hsi_7_0719_222_002_main__ggpt__101,st2.5628_6141_0.96stretch,0.020399999999999974
hsi_7_0719_210_002_main__ggpt__105,st2.3083_3415,0.0020000000000000018
hsi_7_0719_211_002_main__ggpt__107,st2_mirrored.3083_3415_0.91stretch,0.014599999999999946
hsi_6_0718_211_002_main__ggpt__110,st1_mirrored.9453_9745_1.04stretch,0.0024000000000000687
hsi_4_0717_211_002_main__ggpt__116,st2_mirrored.5628_6141_0.82stretch,0.007800000000000029
hsi_7_0719_227_002_main__ggpt__119,st1_mirrored.9453_9745_1.12stretch,-0.4767999999999998
hsi_5_0718_210_001_main__ggpt__121,st1_mirrored.13491_13941_1.09stretch,-1.1357
hsi_5_0718_211_003_main__ggpt__123,st1_mirrored.4446_4759_1.39stretch,-1.0910000000000002
hsi_6_0718_227_001_main__ggpt__127,st1_mirrored.14865_15137_0.86stretch,-1.3912
hsi_7_0719_210_003_main__ggpt__129,st1.17594_17971_0.81stretch,0.012800000000000034
hsi_4_0717_227_004_main__ggpt__130,st2.1527_1810,-0.3780000000000001
hsi_4_0717_210_001_main__ggpt__131,st1_mirrored.26421_26880_1.05stretch,-0.40249999999999986
hsi_6_0718_209_001_main__ggpt__150,st1_mirrored.9453_9745,-1.097
hsi_7_0719_222_002_main__ggpt__154,st1.38708_39256_0.91stretch,-0.5777000000000001
hsi_4_0717_209_003_main__ggpt__155,st2_mirrored.2316_2727_1.14stretch,-0.746
hsi_7_0719_211_002_main__ggpt__160,st1.7758_8082,0.009000000000000008
hsi_6_0718_210_001_main__ggpt__162,st2.5294_5623,0.02299999999999991
hsi_4_0717_211_002_main__ggpt__169,st2.1527_1810_1.25stretch,0.011499999999999955
hsi_6_0718_227_002_main__ggpt__170,st1.8457_8944_0.97stretch,-0.5983
hsi_5_0718_211_003_main__ggpt__176,st2.11976_12272_0.87stretch,-1.5011999999999999
hsi_4_0717_227_003_main__ggpt__181,st1.35000_35472_0.86stretch,-0.8422000000000001
hsi_5_0718_222_003_main__ggpt__187,st2_mirrored.11976_12272_1.27stretch,-0.9682
hsi_7_0719_211_004_main__ggpt__194,st1.17976_18360_0.92stretch,0.001000000000000112
hsi_7_0719_222_004_main__ggpt__196,st1_mirrored.16330_16795_0.95stretch,0.021499999999999853
hsi_7_0719_210_001_main__ggpt__198,st2.7431_7795_1.27stretch,-0.48120000000000007
hsi_5_0718_209_002_main__ggpt__200,st1.16796_17230_0.93stretch,-0.5646
hsi_4_0717_227_002_main__ggpt__202,st1.14865_15137_1.03stretch,-1.6664
hsi_5_0718_210_002_main__ggpt__206,st2.11976_12272_1.05stretch,-1.5379999999999998
hsi_4_0717_209_003_main__ggpt__208,st1_mirrored.25173_25609_0.98stretch,-0.47
hsi_5_0718_211_002_main__ggpt__209,st1.27774_28020_0.9stretch,-2.1
hsi_6_0718_211_002_main__ggpt__216,st1.9453_9745_0.86stretch,-1.3173999999999997
hsi_5_0718_227_001_main__ggpt__221,st2.7431_7795_0.92stretch,0.0048000000000000265
hsi_4_0717_211_003_main__ggpt__224,st1_mirrored.20375_20767_1.11stretch,0.010399999999999965
hsi_4_0717_209_001_main__ggpt__228,st2_mirrored.7431_7795_1.01stretch,0.0023999999999999577
hsi_3_0715_227_002_main__ggpt__242,st1.13251_13486_1.04stretch,-1.0137999999999998
hsi_5_0718_227_002_main__ggpt__244,st2.1815_2311,-1.367
hsi_4_0717_210_003_main__ggpt__246,st1.16330_16795,0.0029999999999998916
hsi_4_0717_222_003_main__ggpt__248,st1.35000_35472,-0.807
hsi_7_0719_222_004_main__ggpt__249,st1_mirrored.22118_22432_1.28stretch,-0.5661999999999999
hsi_6_0718_209_003_main__ggpt__254,st1_mirrored.35477_35907_0.94stretch,-0.6382000000000001
hsi_4_0717_227_002_main__ggpt__255,st1_mirrored.23661_23983_1.25stretch,-0.5185000000000001
hsi_3_0715_210_010_main__ggpt__257,st1_mirrored.7758_8082_1.05stretch,0.01649999999999996
hsi_5_0718_210_002_main__ggpt__259,st1_mirrored.8457_8944,-0.563
hsi_3_0715_227_004_main__ggpt__265,st1_mirrored.9453_9745_1.11stretch,-0.3668999999999999
hsi_7_0719_209_001_main__ggpt__267,st1_mirrored.26061_26416_1.13stretch,-1.5054
hsi_4_0717_211_002_main__ggpt__275,st1_mirrored.14865_15137_0.89stretch,-0.5273000000000001
hsi_7_0719_227_002_main__ggpt__278,st2_mirrored.11976_12272_1.21stretch,0.011399999999999966
hsi_5_0718_210_001_main__ggpt__280,st2.1527_1810_0.82stretch,-1.1734
hsi_4_0717_209_001_main__ggpt__281,st1.7376_7753_0.86stretch,0.017000000000000015
hsi_6_0718_222_003_main__ggpt__283,st1.25173_25609_0.96stretch,-0.4616
hsi_6_0718_227_001_main__ggpt__286,st2_mirrored.1527_1810_1.22stretch,0.013599999999999945
hsi_3_0715_210_011_main__ggpt__298,st1.22983_23268_0.86stretch,-0.4373999999999998
hsi_4_0717_210_003_main__ggpt__299,st1_mirrored.23661_23983_1.31stretch,-0.4981
hsi_7_0719_211_004_main__ggpt__300,st1_mirrored.17235_17589_1.11stretch,0.0014000000000000679
hsi_4_0717_222_003_main__ggpt__301,st1.15138_15625_0.87stretch,-0.861
hsi_5_0718_209_002_main__ggpt__306,st1.27774_28020_0.87stretch,-1.3304999999999998
hsi_6_0718_209_003_main__ggpt__307,st1.17594_17971_0.91stretch,0.027800000000000047
hsi_6_0718_209_001_main__ggpt__309,st2.9428_9874,-0.4079999999999999
hsi_4_0717_211_001_main__ggpt__311,st1_mirrored.25614_26056,-1.343
hsi_4_0717_209_003_main__ggpt__314,st1_mirrored.7376_7753_1.12stretch,-0.5329999999999997
hsi_7_0719_210_002_main__ggpt__317,st2_mirrored.7431_7795,0.03699999999999992
hsi_6_0718_210_002_main__ggpt__338,st1.14865_15137,-0.588
hsi_4_0717_210_001_main__ggpt__343,st1.19997_20370_1.16stretch,-0.9490000000000001
hsi_6_0718_222_001_main__ggpt__356,st1_mirrored.25173_25609_1.07stretch,-1.869
hsi_5_0718_210_001_main__ggpt__386,st1_mirrored.11922_12193_0.9stretch,-0.806
hsi_4_0717_209_001_main__ggpt__387,st1_mirrored.22983_23268_1.31stretch,0.015200000000000324
hsi_5_0718_211_003_main__ggpt__388,st1_mirrored.8949_9448_0.92stretch,-0.6549999999999998
hsi_6_0718_222_003_main__ggpt__389,st1.27774_28020_1.01stretch,-0.6255
hsi_6_0718_210_002_main__ggpt__391,st1_mirrored.26061_26416_1.26stretch,-1.1648
hsi_6_0718_227_001_main__ggpt__392,st2.6146_6478_1.09stretch,0.008399999999999963
hsi_3_0715_209_006_main__ggpt__400,st1_mirrored.17976_18360_1.23stretch,-0.2124999999999999
hsi_5_0718_227_002_main__ggpt__403,st2.5294_5623_1.03stretch,0.018500000000000183
hsi_4_0717_210_003_main__ggpt__405,st1.7376_7753_1.24stretch,-0.3739999999999999
hsi_6_0718_209_001_main__ggpt__415,st1.17594_17971_0.83stretch,0.008399999999999852
hsi_4_0717_209_003_main__ggpt__420,st1_mirrored.13251_13486_1.25stretch,0.017000000000000015
hsi_7_0719_209_001_main__ggpt__426,st1_mirrored.7376_7753_1.18stretch,-0.506
hsi_6_0718_211_002_main__ggpt__428,st1_mirrored.7758_8082_0.83stretch,-1.3118999999999998
hsi_5_0718_210_003_main__ggpt__430,st1_mirrored.19997_20370_1.1stretch,-0.579
hsi_5_0718_222_002_main__ggpt__443,st1_mirrored.27774_28020_1.31stretch,0.032600000000000184
hsi_7_0719_210_003_main__ggpt__447,st1_mirrored.9745_10055_0.97stretch,0.0006000000000000449
hsi_4_0717_209_002_main__ggpt__450,st1_mirrored.26885_27456_0.81stretch,-2.7629
hsi_5_0718_209_003_main__ggpt__451,st2_mirrored.4179_4492_1.39stretch,-1.4689
hsi_5_0718_222_003_main__ggpt__452,st1_mirrored.14865_15137,-0.495
hsi_3_0715_210_011_main__ggpt__457,st1_mirrored.22983_23268_0.89stretch,-0.35319999999999996
hsi_4_0717_222_003_main__ggpt__460,st1.33801_34062_0.82stretch,-1.3024
hsi_6_0718_222_001_main__ggpt__462,st1.26421_26880,-2.138
hsi_6_0718_209_003_main__ggpt__466,st1_mirrored.33801_34062_0.98stretch,-1.0928
hsi_6_0718_209_001_main__ggpt__468,st1_mirrored.12960_13246_0.92stretch,-0.9432
hsi_3_0715_210_010_main__ggpt__469,st1.20375_20767,0.010999999999999899
hsi_7_0719_222_002_main__ggpt__472,st1_mirrored.26061_26416_1.12stretch,-1.4496000000000002
hsi_4_0717_209_003_main__ggpt__473,st2.5294_5623_0.98stretch,0.038000000000000034
hsi_6_0718_211_002_main__ggpt__481,st2_mirrored.5294_5623,0.0
hsi_7_0719_227_003_main__ggpt__482,st2.9428_9874_0.97stretch,-0.44309999999999994
hsi_5_0718_227_001_main__ggpt__486,st1_mirrored.23273_23656_1.23stretch,-0.6599999999999999
hsi_6_0718_227_001_main__ggpt__498,st1.17235_17589_1.05stretch,0.009500000000000175
hsi_4_0717_210_001_main__ggpt__502,st1_mirrored.33801_34062,-0.994
hsi_5_0718_222_003_main__ggpt__505,st2.7800_8288,-1.2399999999999998
hsi_5_0718_227_002_main__ggpt__509,st1_mirrored.43050_43567_0.82stretch,-0.5919999999999999
hsi_4_0717_222_003_main__ggpt__513,st1.17594_17971_0.96stretch,0.013799999999999923
hsi_7_0719_210_001_main__ggpt__516,st1.15138_15625,-0.983
hsi_3_0715_227_001_main__ggpt__517,st2_mirrored.2732_3078_1.27stretch,-0.8128
hsi_6_0718_209_003_main__ggpt__519,st1.17235_17589_1.25stretch,-0.39649999999999985
hsi_4_0717_227_002_main__ggpt__520,st1_mirrored.17976_18360_0.9stretch,0.0030000000000001137
hsi_5_0718_210_002_main__ggpt__524,st1.16796_17230,-0.774
hsi_5_0718_211_002_main__ggpt__527,st1_mirrored.45132_45682_0.86stretch,-1.1705999999999999
hsi_6_0718_211_001_main__ggpt__528,st1_mirrored.28025_28393_1.34stretch,-0.9291999999999999
hsi_7_0719_209_001_main__ggpt__532,st2_mirrored.9428_9874_0.89stretch,-0.6047
hsi_6_0718_210_001_main__ggpt__533,st1_mirrored.7758_8082_1.28stretch,0.006599999999999939
hsi_6_0718_211_002_main__ggpt__534,st1_mirrored.17976_18360,0.026000000000000023
hsi_3_0715_209_008_main__ggpt__537,st1_mirrored.13251_13486_0.89stretch,-1.4484
hsi_4_0717_211_003_main__ggpt__542,st1_mirrored.17235_17589_1.1stretch,0.03100000000000014
hsi_7_0719_227_002_main__ggpt__543,st1_mirrored.17235_17589_1.26stretch,-0.4686000000000001
hsi_6_0718_227_001_main__ggpt__551,st1_mirrored.8087_8452_1.22stretch,-0.48740000000000006
hsi_4_0717_210_001_main__ggpt__555,st1.12960_13246_1.31stretch,0.006300000000000083
hsi_4_0717_209_002_main__ggpt__556,st1.22983_23268,0.0
hsi_3_0715_209_006_main__ggpt__559,st1.17594_17971,0.018000000000000016
hsi_3_0715_227_002_main__ggpt__560,st1_mirrored.27774_28020_0.99stretch,-1.5246000000000002
hsi_4_0717_210_003_main__ggpt__564,st1_mirrored.25614_26056_0.98stretch,-1.0594
hsi_4_0717_211_001_main__ggpt__576,st2.7431_7795_1.28stretch,-0.3317999999999999
hsi_7_0719_222_002_main__ggpt__578,st1.17976_18360_1.19stretch,-0.36749999999999994
hsi_5_0718_211_002_main__ggpt__580,st1_mirrored.22983_23268_1.03stretch,0.02860000000000018
hsi_6_0718_211_001_main__ggpt__581,st1.17235_17589,0.029000000000000026
hsi_6_0718_211_002_main__ggpt__587,st1_mirrored.23273_23656,-0.666
hsi_5_0718_227_001_main__ggpt__592,st2_mirrored.7431_7795_1.31stretch,-0.6126
hsi_6_0718_227_002_main__ggpt__594,st1_mirrored.34065_34416_1.33stretch,-1.9525000000000001
hsi_3_0715_227_003_main__ggpt__597,st2.11976_12272_1.25stretch,0.05300000000000005
hsi_5_0718_210_001_main__ggpt__598,st1_mirrored.23661_23983_0.82stretch,-1.3312
hsi_6_0718_222_003_main__ggpt__601,st1.26421_26880_0.89stretch,-0.5458000000000001
hsi_5_0718_222_002_main__ggpt__602,st2_mirrored.5294_5623_1.29stretch,0.05750000000000011
hsi_6_0718_210_002_main__ggpt__603,st2.6146_6478_0.92stretch,-0.3228
hsi_6_0718_227_001_main__ggpt__604,st1_mirrored.9745_10055_1.25stretch,-1.178
hsi_4_0717_222_003_main__ggpt__619,st1.4446_4759_1.4stretch,-0.7999999999999999
hsi_3_0715_227_001_main__ggpt__623,st2.6146_6478_1.28stretch,0.03479999999999994
hsi_4_0717_227_002_main__ggpt__626,st1.8087_8452_0.97stretch,0.019100000000000006
hsi_5_0718_210_002_main__ggpt__630,st1_mirrored.22983_23268_1.24stretch,0.0008000000000001339
hsi_4_0717_209_003_main__ggpt__632,st2.5628_6141_0.81stretch,0.005900000000000016
hsi_5_0718_211_002_main__ggpt__633,st1_mirrored.17976_18360_0.95stretch,0.015499999999999958
hsi_3_0715_227_004_main__ggpt__636,st1.8087_8452_1.35stretch,-0.4704999999999999
hsi_7_0719_209_001_main__ggpt__638,st2.1815_2311_0.89stretch,-0.4567999999999999
hsi_4_0717_211_002_main__ggpt__646,st2_mirrored.5294_5623_0.86stretch,-0.30000000000000004
hsi_6_0718_227_002_main__ggpt__647,st1.27774_28020_1.04stretch,-0.5919999999999999
hsi_3_0715_227_003_main__ggpt__650,st1_mirrored.7758_8082_1.39stretch,-0.3987000000000003
hsi_4_0717_209_001_main__ggpt__652,st2_mirrored.7800_8288_1.01stretch,-1.0947
hsi_5_0718_211_003_main__ggpt__653,st2_mirrored.7431_7795_1.16stretch,0.005399999999999849
hsi_6_0718_222_003_main__ggpt__654,st1.7376_7753,-0.7020000000000001
hsi_6_0718_227_001_main__ggpt__657,st1_mirrored.28398_28825_1.07stretch,-1.3688
hsi_4_0717_227_003_main__ggpt__658,st1.7758_8082_1.4stretch,-0.34099999999999997
hsi_7_0719_210_003_main__ggpt__659,st1.7376_7753_0.82stretch,0.0
hsi_4_0717_210_001_main__ggpt__661,st1.11922_12193_1.07stretch,-0.5021
hsi_5_0718_209_003_main__ggpt__663,st1.11922_12193_1.0stretch,-1.4369999999999998
hsi_5_0718_222_003_main__ggpt__664,st2.7431_7795,0.03699999999999992
hsi_5_0718_227_002_main__ggpt__668,st1.8457_8944,-0.6179999999999999
hsi_4_0717_210_003_main__ggpt__670,st2.9428_9874_1.01stretch,-0.4993000000000001
hsi_7_0719_222_004_main__ggpt__673,st1.22983_23268_0.9stretch,-0.3849999999999998
hsi_3_0715_210_010_main__ggpt__681,st2.6146_6478,0.018000000000000016
hsi_7_0719_222_002_main__ggpt__684,st1.7376_7753_1.04stretch,-0.6769999999999999
hsi_4_0717_209_003_main__ggpt__685,st1_mirrored.19997_20370_1.18stretch,-0.47919999999999985
hsi_4_0717_211_002_main__ggpt__699,st1.33801_34062_1.01stretch,-1.0236999999999998
hsi_6_0718_210_002_main__ggpt__709,st1.25614_26056_1.01stretch,-1.2597999999999998
hsi_6_0718_227_001_main__ggpt__710,st2_mirrored.1527_1810_1.35stretch,0.023500000000000076
hsi_7_0719_210_003_main__ggpt__712,st1.43572_44146_0.83stretch,0.0033000000000000806
hsi_4_0717_227_004_main__ggpt__713,st2_mirrored.11976_12272_1.24stretch,0.0796
hsi_3_0715_227_002_main__ggpt__719,st1.17976_18360_1.16stretch,-0.2929999999999999
hsi_5_0718_209_001_main__ggpt__720,st1_mirrored.14865_15137_1.04stretch,-1.1408
hsi_7_0719_211_004_main__ggpt__724,st1.12960_13246_0.98stretch,0.00039999999999995595
hsi_7_0719_210_001_main__ggpt__728,st1.9453_9745_1.12stretch,-0.5157999999999999
hsi_5_0718_209_002_main__ggpt__730,st1_mirrored.17594_17971_0.86stretch,0.0008000000000000229
hsi_6_0718_209_003_main__ggpt__731,st1_mirrored.17235_17589,0.07699999999999996
hsi_4_0717_227_002_main__ggpt__732,st2.1527_1810_1.31stretch,0.000300000000000078
hsi_6_0718_209_001_main__ggpt__733,st1.9453_9745_1.06stretch,-0.5723999999999999
hsi_4_0717_211_001_main__ggpt__735,st1.20375_20767_1.12stretch,-0.2722
hsi_7_0719_222_002_main__ggpt__737,st1_mirrored.16796_17230_1.03stretch,-0.48829999999999996
hsi_5_0718_211_002_main__ggpt__739,st1_mirrored.38708_39256_0.89stretch,-0.7165000000000001
hsi_6_0718_211_001_main__ggpt__740,st1.45687_45953_0.86stretch,0.184
hsi_7_0719_210_002_main__ggpt__741,st1.20375_20767_1.11stretch,0.011400000000000077
hsi_7_0719_227_003_main__ggpt__747,st2.3083_3415_1.16stretch,-0.5454000000000001
hsi_6_0718_227_002_main__ggpt__753,st1_mirrored.26885_27456_0.83stretch,-0.9837000000000001
hsi_4_0717_211_003_main__ggpt__754,st1_mirrored.3015_3401_1.07stretch,-0.9847000000000001
hsi_5_0718_210_001_main__ggpt__757,st2.2316_2727,-0.804
hsi_6_0718_222_003_main__ggpt__760,st2.6146_6478_1.27stretch,0.02719999999999989
hsi_7_0719_210_003_main__ggpt__765,st1.23273_23656_0.91stretch,0.006900000000000017
hsi_4_0717_210_003_main__ggpt__776,st1_mirrored.8087_8452,0.018000000000000016
hsi_7_0719_222_004_main__ggpt__779,st2_mirrored.9428_9874,-0.492
hsi_5_0718_210_002_main__ggpt__789,st1.33801_34062_0.9stretch,-0.6539999999999999
hsi_7_0719_222_002_main__ggpt__790,st1_mirrored.7758_8082,0.009000000000000008
hsi_5_0718_211_002_main__ggpt__792,st1_mirrored.17594_17971_1.28stretch,-0.5716000000000001
hsi_6_0718_210_001_main__ggpt_2__3,st1.25173_25609,-0.998
hsi_7_0719_209_003_main__ggpt_2__8,st1_mirrored.7376_7753,-1.335
hsi_4_0717_211_003_main__ggpt_2__12,st2.7431_7795_1.09stretch,0.0005999999999999339
hsi_4_0717_227_003_main__ggpt_2__22,st1.22118_22432_0.82stretch,0.46919999999999995
hsi_4_0717_210_001_main__ggpt_2__25,st2_mirrored.7035_7426_1.09stretch,-1.7964000000000002
hsi_5_0718_209_003_main__ggpt_2__27,st1.35000_35472_1.04stretch,-0.8728
hsi_3_0715_227_002_main__ggpt_2__30,st1_mirrored.34421_34995_0.86stretch,-0.9816000000000001
hsi_5_0718_227_002_main__ggpt_2__32,st1.16796_17230_0.94stretch,-0.6358
hsi_4_0717_210_003_main__ggpt_2__34,st2.2316_2727_1.11stretch,-1.0375
hsi_4_0717_222_003_main__ggpt_2__36,st2.11449_11971_0.9stretch,-0.654
hsi_4_0717_211_001_main__ggpt_2__46,st2.1815_2311_0.99stretch,-0.9378
hsi_5_0718_210_002_main__ggpt_2__47,st1.25173_25609_0.83stretch,0.0007000000000000339
hsi_4_0717_209_003_main__ggpt_2__49,st2_mirrored.6483_7030_0.86stretch,-0.8523999999999999
hsi_7_0719_210_002_main__ggpt_2__52,st1_mirrored.7376_7753_1.26stretch,-0.581
hsi_7_0719_211_002_main__ggpt_2__54,st1.22983_23268_0.95stretch,-0.3405
hsi_6_0718_211_002_main__ggpt_2__57,st1_mirrored.19997_20370_1.01stretch,-1.1089
hsi_7_0719_227_003_main__ggpt_2__58,st2.6146_6478_0.9stretch,-0.33699999999999997
hsi_5_0718_227_001_main__ggpt_2__62,st1_mirrored.33801_34062_1.33stretch,0.000200000000000089
hsi_5_0718_210_001_main__ggpt_2__68,st1.11922_12193_0.86stretch,-0.6447999999999999
hsi_4_0717_209_001_main__ggpt_2__69,st1_mirrored.17976_18360_0.86stretch,-0.20399999999999996
hsi_6_0718_210_002_main__ggpt_2__73,st2.3083_3415_1.19stretch,-0.7615999999999999
hsi_5_0718_222_003_main__ggpt_2__81,st1.9453_9745,-1.432
hsi_3_0715_227_002_main__ggpt_2__83,st1.28025_28393_1.31stretch,-1.6088999999999998
hsi_5_0718_209_001_main__ggpt_2__84,st1.16330_16795_0.92stretch,0.02180000000000004
hsi_4_0717_210_003_main__ggpt_2__87,st1_mirrored.15138_15625,-2.3409999999999997
hsi_7_0719_211_004_main__ggpt_2__88,st1.16796_17230_0.92stretch,-0.5174
hsi_4_0717_222_003_main__ggpt_2__89,st2_mirrored.6146_6478,0.0029999999999998916
hsi_7_0719_222_004_main__ggpt_2__90,st1.12960_13246,0.010000000000000009
hsi_3_0715_227_001_main__ggpt_2__93,st2.5628_6141_0.91stretch,0.029900000000000038
hsi_4_0717_227_002_main__ggpt_2__96,st1_mirrored.17594_17971_1.23stretch,-0.4696
hsi_4_0717_211_001_main__ggpt_2__99,st1_mirrored.19997_20370_1.14stretch,-0.6346
hsi_5_0718_210_002_main__ggpt_2__100,st1.25614_26056_1.1stretch,-1.2089999999999999
hsi_5_0718_211_002_main__ggpt_2__103,st2_mirrored.3083_3415_1.38stretch,-0.46419999999999995
hsi_7_0719_209_001_main__ggpt_2__108,st1_mirrored.7758_8082_1.07stretch,0.005900000000000016
hsi_7_0719_227_003_main__ggpt_2__111,st1_mirrored.22437_22978_0.86stretch,-1.4549999999999998
hsi_6_0718_227_002_main__ggpt_2__117,st1_mirrored.26061_26416_1.18stretch,-1.1884000000000001
hsi_5_0718_210_001_main__ggpt_2__121,st1.35477_35907_0.97stretch,-0.4358000000000001
hsi_5_0718_211_003_main__ggpt_2__123,st1.20375_20767_1.04stretch,0.018600000000000172
hsi_6_0718_222_003_main__ggpt_2__124,st1_mirrored.23273_23656_0.91stretch,1.1102230246251565e-16
hsi_6_0718_210_002_main__ggpt_2__126,st1.14865_15137_1.12stretch,0.013399999999999967
hsi_7_0719_210_003_main__ggpt_2__129,st2_mirrored.11976_12272,0.039000000000000035
hsi_5_0718_222_003_main__ggpt_2__134,st1_mirrored.11922_12193,-1.4100000000000001
hsi_3_0715_209_006_main__ggpt_2__135,st1.9745_10055_1.37stretch,-0.6724
hsi_5_0718_209_001_main__ggpt_2__137,st1.13251_13486,-1.7249999999999999
hsi_5_0718_227_002_main__ggpt_2__138,st2_mirrored.1815_2311_0.99stretch,-0.6997999999999998
hsi_7_0719_211_004_main__ggpt_2__141,st2_mirrored.11976_12272_1.33stretch,0.021200000000000108
hsi_6_0718_222_001_main__ggpt_2__144,st2.11976_12272,0.0020000000000000018
hsi_4_0717_227_002_main__ggpt_2__149,st1_mirrored.23273_23656_0.99stretch,-0.681
hsi_6_0718_211_001_main__ggpt_2__157,st2_mirrored.4179_4492_0.83stretch,0.1267
hsi_7_0719_209_001_main__ggpt_2__161,st1_mirrored.26421_26880_0.87stretch,0.03629999999999989
hsi_6_0718_210_001_main__ggpt_2__162,st1.22118_22432_1.31stretch,-1.3489
hsi_6_0718_211_002_main__ggpt_2__163,st1_mirrored.47091_47610_0.81stretch,0.005800000000000027
hsi_7_0719_227_003_main__ggpt_2__164,st2_mirrored.1815_2311_0.94stretch,-1.2757999999999998
hsi_3_0715_209_008_main__ggpt_2__166,st1_mirrored.27774_28020_1.03stretch,-1.0791999999999997
hsi_5_0718_227_001_main__ggpt_2__168,st1_mirrored.27461_27769_0.86stretch,-1.1059999999999999
hsi_6_0718_227_001_main__ggpt_2__180,st1_mirrored.27461_27769_0.9stretch,-1.057
hsi_4_0717_227_003_main__ggpt_2__181,st2.2316_2727_1.04stretch,-0.9179999999999999
hsi_4_0717_227_004_main__ggpt_2__183,st2_mirrored.1527_1810_1.0stretch,-0.6539999999999999
hsi_5_0718_227_002_main__ggpt_2__191,st1_mirrored.8949_9448_0.9stretch,-0.4899999999999999
hsi_5_0718_209_002_main__ggpt_2__200,st1.35000_35472_0.89stretch,-0.6692999999999999
hsi_6_0718_209_001_main__ggpt_2__203,st2.3083_3415_1.36stretch,-0.4463999999999999
hsi_4_0717_211_001_main__ggpt_2__205,st1.19997_20370_1.19stretch,-0.4830000000000001
hsi_4_0717_209_003_main__ggpt_2__208,st1.25173_25609_0.91stretch,-0.7570999999999999
hsi_6_0718_211_001_main__ggpt_2__210,st1_mirrored.27774_28020_0.89stretch,-1.1945999999999999
hsi_7_0719_211_002_main__ggpt_2__213,st1.8087_8452_1.0stretch,0.01200000000000001
hsi_6_0718_210_001_main__ggpt_2__215,st1_mirrored.13251_13486_1.26stretch,0.00039999999999995595
hsi_4_0717_211_002_main__ggpt_2__222,st2.7431_7795_0.9stretch,0.0050000000000000044
hsi_4_0717_209_001_main__ggpt_2__228,st1_mirrored.34065_34416_1.24stretch,-1.2149999999999999
hsi_6_0718_222_003_main__ggpt_2__230,st1_mirrored.17235_17589_0.82stretch,-1.4042
hsi_6_0718_210_002_main__ggpt_2__232,st1.19997_20370,0.02300000000000002
hsi_3_0715_210_011_main__ggpt_2__245,st1_mirrored.35000_35472,-0.6030000000000001
hsi_4_0717_210_003_main__ggpt_2__246,st2.5628_6141_0.83stretch,0.03169999999999984
hsi_4_0717_222_003_main__ggpt_2__248,st1.8457_8944_0.89stretch,-0.4961
hsi_7_0719_222_004_main__ggpt_2__249,st1_mirrored.16796_17230,-0.405
hsi_6_0718_222_001_main__ggpt_2__250,st1_mirrored.4446_4759_1.33stretch,-1.0999999999999999
hsi_4_0717_227_002_main__ggpt_2__255,st1.25614_26056,-1.264
hsi_6_0718_209_001_main__ggpt_2__256,st2_mirrored.2732_3078_1.28stretch,-0.8931999999999999
hsi_4_0717_211_001_main__ggpt_2__258,st1_mirrored.35000_35472_0.92stretch,-0.7921999999999999
hsi_6_0718_211_001_main__ggpt_2__263,st1.29108_29395_0.82stretch,0.174
hsi_7_0719_211_002_main__ggpt_2__266,st1.7376_7753_0.89stretch,0.02200000000000002
hsi_7_0719_209_001_main__ggpt_2__267,st1_mirrored.26421_26880,-0.41900000000000004
hsi_6_0718_211_002_main__ggpt_2__269,st1_mirrored.34065_34416_1.27stretch,-0.9714999999999999
hsi_7_0719_227_003_main__ggpt_2__270,st1_mirrored.17235_17589_1.08stretch,0.009200000000000097
hsi_7_0719_209_003_main__ggpt_2__273,st1.27461_27769,-0.6050000000000001
hsi_5_0718_227_001_main__ggpt_2__274,st2.11449_11971_0.87stretch,-1.088
hsi_6_0718_227_002_main__ggpt_2__276,st1_mirrored.16796_17230_0.86stretch,0.012399999999999967
hsi_5_0718_211_003_main__ggpt_2__282,st1.22983_23268_1.23stretch,0.021300000000000097
hsi_5_0718_209_003_main__ggpt_2__292,st1_mirrored.20375_20767_1.04stretch,0.0016000000000000458
hsi_5_0718_222_003_main__ggpt_2__293,st1_mirrored.33801_34062_0.94stretch,-1.3204
hsi_7_0719_211_004_main__ggpt_2__300,st1_mirrored.33801_34062_1.34stretch,0.005600000000000049
hsi_5_0718_209_002_main__ggpt_2__306,st2_mirrored.6146_6478_1.12stretch,0.02520000000000011
hsi_6_0718_209_003_main__ggpt_2__307,st1.11922_12193,-1.045
hsi_7_0719_210_002_main__ggpt_2__317,st1_mirrored.17594_17971,0.031000000000000028
hsi_7_0719_211_002_main__ggpt_2__319,st1_mirrored.27774_28020,-1.007
hsi_7_0719_209_001_main__ggpt_2__320,st1_mirrored.47091_47610_0.92stretch,0.035600000000000076
hsi_6_0718_211_002_main__ggpt_2__322,st1.14865_15137_1.13stretch,0.0005999999999999339
hsi_5_0718_210_003_main__ggpt_2__324,st1.7758_8082_0.86stretch,-2.1898
hsi_3_0715_209_008_main__ggpt_2__325,st1.17976_18360_1.2stretch,-0.33000000000000007
hsi_5_0718_227_001_main__ggpt_2__327,st1_mirrored.19997_20370_0.89stretch,0.03090000000000004
hsi_4_0717_211_003_main__ggpt_2__330,st1.28398_28825_1.07stretch,-1.2155
hsi_4_0717_209_001_main__ggpt_2__334,st2_mirrored.2316_2727,-0.746
hsi_4_0717_227_003_main__ggpt_2__340,st2_mirrored.6146_6478_1.11stretch,0.006600000000000161
hsi_4_0717_210_001_main__ggpt_2__343,st2.7800_8288_0.94stretch,-0.9268000000000002
hsi_5_0718_222_003_main__ggpt_2__346,st1_mirrored.13251_13486,-1.363
hsi_4_0717_210_003_main__ggpt_2__352,st1.4446_4759_0.81stretch,0.016000000000000014
hsi_7_0719_211_004_main__ggpt_2__353,st1.9453_9745_1.09stretch,-0.20009999999999983
hsi_6_0718_222_001_main__ggpt_2__356,st1_mirrored.20375_20767_1.12stretch,-0.033199999999999896
hsi_7_0719_210_001_main__ggpt_2__357,st1.7758_8082_1.37stretch,-0.30709999999999993
hsi_4_0717_227_002_main__ggpt_2__361,st1_mirrored.8087_8452_1.28stretch,-0.4635999999999998
hsi_5_0718_210_002_main__ggpt_2__365,st1.8087_8452,0.006000000000000005
hsi_7_0719_222_002_main__ggpt_2__366,st1.19997_20370_0.92stretch,0.0050000000000001155
hsi_7_0719_209_001_main__ggpt_2__373,st2.2316_2727_1.12stretch,-1.208
hsi_6_0718_211_002_main__ggpt_2__375,st1_mirrored.27461_27769_1.23stretch,0.02400000000000002
hsi_7_0719_227_003_main__ggpt_2__376,st1.4446_4759_1.37stretch,-0.744
hsi_5_0718_210_003_main__ggpt_2__377,st1_mirrored.17594_17971_0.9stretch,0.0010000000000000009
hsi_3_0715_209_008_main__ggpt_2__378,st1.33801_34062_0.87stretch,-1.4588999999999999
hsi_5_0718_227_001_main__ggpt_2__380,st1_mirrored.13491_13941,-1.0659999999999998
hsi_4_0717_209_001_main__ggpt_2__387,st1.27774_28020,-0.988
hsi_5_0718_211_003_main__ggpt_2__388,st2.7800_8288_0.98stretch,-0.7356
hsi_7_0719_210_003_main__ggpt_2__394,st1.27774_28020_0.82stretch,-2.798
hsi_4_0717_209_002_main__ggpt_2__397,st1_mirrored.35477_35907_0.98stretch,-0.5114
hsi_3_0715_227_002_main__ggpt_2__401,st2_mirrored.7431_7795_1.32stretch,-0.33420000000000005
hsi_7_0719_210_001_main__ggpt_2__410,st2_mirrored.3083_3415,0.0
hsi_5_0718_209_002_main__ggpt_2__412,st1_mirrored.11922_12193_1.04stretch,-1.0211999999999999
hsi_7_0719_211_002_main__ggpt_2__425,st2.1527_1810_1.14stretch,0.009199999999999986
hsi_6_0718_210_001_main__ggpt_2__427,st1_mirrored.7376_7753_1.03stretch,-0.7
hsi_6_0718_211_002_main__ggpt_2__428,st1_mirrored.17976_18360_1.28stretch,0.009000000000000119
hsi_5_0718_227_001_main__ggpt_2__433,st1.34421_34995_0.85stretch,-0.8480000000000001
hsi_4_0717_211_002_main__ggpt_2__434,st1.17976_18360,0.025000000000000133
hsi_7_0719_210_003_main__ggpt_2__447,st1.22983_23268_1.28stretch,0.0008000000000001339
hsi_4_0717_209_002_main__ggpt_2__450,st2.5294_5623_0.86stretch,-0.3400000000000001
hsi_3_0715_227_002_main__ggpt_2__454,st2_mirrored.8293_8847_0.87stretch,-0.9861
hsi_6_0718_222_001_main__ggpt_2__462,st1.12960_13246_0.86stretch,-1.3432
hsi_3_0715_227_001_main__ggpt_2__464,st2_mirrored.1815_2311_0.91stretch,-0.47119999999999984
hsi_7_0719_222_002_main__ggpt_2__472,st1.11922_12193_1.32stretch,0.0014000000000000679
hsi_4_0717_209_003_main__ggpt_2__473,st1.13491_13941_1.05stretch,-0.8625
hsi_5_0718_211_002_main__ggpt_2__474,st2_mirrored.7800_8288_1.02stretch,-1.2593999999999999
hsi_7_0719_211_002_main__ggpt_2__478,st1.13251_13486_1.12stretch,-0.5703999999999998
hsi_6_0718_211_002_main__ggpt_2__481,st1_mirrored.12960_13246_0.94stretch,-0.9284
hsi_5_0718_210_003_main__ggpt_2__483,st1_mirrored.25173_25609,-0.7969999999999999
hsi_3_0715_227_003_main__ggpt_2__491,st1_mirrored.35477_35907,-0.5010000000000001
hsi_4_0717_209_001_main__ggpt_2__493,st1.4764_5084,-0.54
hsi_6_0718_227_001_main__ggpt_2__498,st1.33801_34062,-1.205
hsi_4_0717_227_004_main__ggpt_2__501,st2.11449_11971_0.82stretch,-0.932
hsi_4_0717_210_001_main__ggpt_2__502,st1_mirrored.14865_15137_0.82stretch,-1.0154
hsi_4_0717_209_002_main__ggpt_2__503,st1_mirrored.22983_23268,0.0050000000000001155
hsi_5_0718_222_003_main__ggpt_2__505,st1.33801_34062_1.04stretch,-1.2268
hsi_7_0719_210_001_main__ggpt_2__516,st1_mirrored.8949_9448_0.93stretch,-0.8869999999999998
hsi_5_0718_209_002_main__ggpt_2__518,st1.17235_17589_1.16stretch,0.015800000000000036
hsi_7_0719_210_002_main__ggpt_2__529,st1.45132_45682_0.87stretch,-0.9406
hsi_6_0718_210_001_main__ggpt_2__533,st2.2732_3078_1.16stretch,-1.0684
hsi_7_0719_227_003_main__ggpt_2__535,st1.7758_8082_0.81stretch,-1.2612999999999999
hsi_7_0719_209_003_main__ggpt_2__538,st1_mirrored.16796_17230_0.98stretch,-0.5258
hsi_6_0718_227_002_main__ggpt_2__541,st2_mirrored.1815_2311,-0.655
hsi_7_0719_227_002_main__ggpt_2__543,st2_mirrored.5294_5623_1.03stretch,0.019500000000000073
hsi_5_0718_210_001_main__ggpt_2__545,st1_mirrored.8087_8452_1.15stretch,0.0034999999999998366
hsi_4_0717_209_001_main__ggpt_2__546,st1.11922_12193_1.37stretch,0.010900000000000132
hsi_5_0718_211_003_main__ggpt_2__547,st1.17235_17589_0.87stretch,-0.5828999999999999
hsi_6_0718_227_001_main__ggpt_2__551,st2_mirrored.8293_8847_0.82stretch,-0.4646
hsi_7_0719_210_003_main__ggpt_2__553,st1_mirrored.16330_16795,0.02499999999999991
hsi_4_0717_209_002_main__ggpt_2__556,st1.22437_22978_0.89stretch,-1.4644
hsi_5_0718_227_002_main__ggpt_2__562,st2_mirrored.1527_1810_0.97stretch,-0.9679
hsi_6_0718_209_003_main__ggpt_2__572,st1.34065_34416_1.18stretch,-0.9138000000000001
hsi_3_0715_210_010_main__ggpt_2__575,st1.26421_26880_1.01stretch,-0.31220000000000003
hsi_5_0718_210_002_main__ggpt_2__577,st2_mirrored.3083_3415_1.31stretch,-0.6714
hsi_7_0719_209_001_main__ggpt_2__585,st1_mirrored.8087_8452_0.96stretch,0.036800000000000055
hsi_6_0718_211_002_main__ggpt_2__587,st1_mirrored.11922_12193_0.82stretch,-1.1506
hsi_3_0715_209_008_main__ggpt_2__590,st2.5294_5623_1.29stretch,0.01649999999999996
hsi_4_0717_211_002_main__ggpt_2__593,st1.32625_33129_0.95stretch,-0.4255000000000002
hsi_6_0718_227_002_main__ggpt_2__594,st1.23273_23656_1.05stretch,-0.7214999999999998
hsi_5_0718_210_001_main__ggpt_2__598,st2_mirrored.7800_8288,-1.1879999999999997
hsi_4_0717_209_001_main__ggpt_2__599,st1.16796_17230_0.9stretch,-0.5990000000000001
hsi_5_0718_222_002_main__ggpt_2__602,st1_mirrored.13251_13486_1.19stretch,-1.2484
hsi_6_0718_210_002_main__ggpt_2__603,st2_mirrored.7431_7795_1.02stretch,0.015800000000000036
hsi_4_0717_227_003_main__ggpt_2__605,st2_mirrored.6146_6478_1.32stretch,0.03819999999999979
hsi_5_0718_209_001_main__ggpt_2__614,st2.5294_5623_1.31stretch,0.019500000000000073
hsi_7_0719_211_004_main__ggpt_2__618,st1.27461_27769_1.04stretch,-0.48739999999999994
hsi_3_0715_227_001_main__ggpt_2__623,st2.7035_7426_1.24stretch,-0.9384
hsi_6_0718_209_001_main__ggpt_2__627,st2.3083_3415_1.2stretch,-0.4610000000000001
hsi_4_0717_211_001_main__ggpt_2__629,st1_mirrored.19997_20370,0.04700000000000004
hsi_4_0717_209_003_main__ggpt_2__632,st1_mirrored.12960_13246_0.98stretch,0.008199999999999985
hsi_5_0718_211_002_main__ggpt_2__633,st1_mirrored.23273_23656_1.04stretch,-0.7419999999999999
hsi_6_0718_211_002_main__ggpt_2__640,st1_mirrored.12960_13246,0.0020000000000000018
hsi_7_0719_227_002_main__ggpt_2__649,st1_mirrored.8457_8944_0.95stretch,-1.6370000000000002
hsi_5_0718_222_002_main__ggpt_2__655,st1.27461_27769_0.92stretch,-1.0671999999999997
hsi_4_0717_227_004_main__ggpt_2__660,st2_mirrored.6146_6478_1.04stretch,0.008399999999999963
hsi_5_0718_209_001_main__ggpt_2__667,st1.27461_27769_0.98stretch,-0.6248000000000001
hsi_5_0718_227_002_main__ggpt_2__668,st1_mirrored.27461_27769_1.28stretch,0.007000000000000117
hsi_3_0715_210_011_main__ggpt_2__669,st1_mirrored.11922_12193_1.01stretch,-1.3183
hsi_4_0717_210_003_main__ggpt_2__670,st1_mirrored.4764_5084,-0.31899999999999995
hsi_7_0719_211_004_main__ggpt_2__671,st1_mirrored.12960_13246_1.04stretch,0.007600000000000051
hsi_6_0718_222_001_main__ggpt_2__674,st2_mirrored.9428_9874_1.04stretch,-0.3982000000000001
hsi_7_0719_210_001_main__ggpt_2__675,st1_mirrored.34065_34416_1.21stretch,-0.8255000000000001
hsi_6_0718_209_001_main__ggpt_2__680,st1_mirrored.9453_9745_1.32stretch,0.002200000000000202
hsi_7_0719_210_002_main__ggpt_2__688,st1.14865_15137_1.18stretch,0.010599999999999943
hsi_7_0719_209_001_main__ggpt_2__691,st1_mirrored.45687_45953_0.82stretch,0.1822
hsi_7_0719_227_003_main__ggpt_2__694,st1_mirrored.25173_25609_0.92stretch,-0.614
hsi_5_0718_209_003_main__ggpt_2__716,st1_mirrored.8087_8452_1.02stretch,0.0016000000000001569
hsi_5_0718_222_003_main__ggpt_2__717,st1.19997_20370_1.2stretch,-0.385
hsi_7_0719_211_004_main__ggpt_2__724,st1.13251_13486_1.11stretch,-0.9797
hsi_7_0719_222_004_main__ggpt_2__726,st1.35477_35907,-0.44999999999999996
hsi_7_0719_210_001_main__ggpt_2__728,st1_mirrored.13251_13486_0.97stretch,-1.3112
hsi_5_0718_209_002_main__ggpt_2__730,st1.16330_16795_0.9stretch,0.010000000000000009
hsi_4_0717_211_001_main__ggpt_2__735,st2_mirrored.11976_12272_1.15stretch,0.009000000000000008
hsi_5_0718_210_002_main__ggpt_2__736,st1_mirrored.17594_17971_0.95stretch,0.007999999999999896
hsi_3_0715_227_004_main__ggpt__0,st2.5294_5623_0.86stretch,-0.5250000000000001
hsi_7_0719_227_003_main__ggpt__5,st2_mirrored.6146_6478_1.11stretch,0.024600000000000177
hsi_5_0718_210_003_main__ggpt__6,st1_mirrored.8087_8452_1.22stretch,0.05259999999999998
hsi_5_0718_222_002_main__ggpt__19,st1.17235_17589_0.87stretch,-1.3689
hsi_5_0718_209_003_main__ggpt__27,st1_mirrored.47091_47610_0.81stretch,0.006799999999999917
hsi_3_0715_210_011_main__ggpt__33,st1_mirrored.9453_9745_1.12stretch,-1.2858
hsi_4_0717_222_003_main__ggpt__36,st1_mirrored.17235_17589_0.82stretch,-1.1162
hsi_3_0715_227_001_main__ggpt__40,st1.12960_13246_0.86stretch,-2.1062000000000003
hsi_4_0717_209_003_main__ggpt__49,st1_mirrored.22983_23268_1.31stretch,0.007200000000000317
hsi_6_0718_211_002_main__ggpt__57,st1.22983_23268,-0.19699999999999984
hsi_5_0718_227_002_main__ggpt__85,st1.13251_13486_1.11stretch,-2.1567
hsi_4_0717_222_003_main__ggpt__89,st2.6146_6478_1.27stretch,0.012199999999999767
hsi_7_0719_210_001_main__ggpt__92,st1_mirrored.11922_12193_0.87stretch,-0.8341
hsi_5_0718_211_002_main__ggpt__103,st2.1527_1810_1.25stretch,0.011499999999999955
hsi_3_0715_227_003_main__ggpt__120,st1_mirrored.12960_13246_0.94stretch,-1.1374
hsi_7_0719_211_004_main__ggpt__141,st2_mirrored.5294_5623_0.86stretch,-0.5150000000000001
hsi_5_0718_222_002_main__ggpt__178,st1.20375_20767,0.07600000000000007
hsi_6_0718_227_001_main__ggpt__180,st1.7758_8082_1.4stretch,0.07600000000000007
hsi_4_0717_209_002_main__ggpt__185,st1.22983_23268_0.95stretch,-0.5954999999999999
hsi_5_0718_209_003_main__ggpt__186,st1_mirrored.9453_9745_1.11stretch,-0.8379
hsi_3_0715_209_006_main__ggpt__188,st1.14865_15137,-1.48
hsi_3_0715_227_002_main__ggpt__189,st1.9453_9745_1.06stretch,-0.9153999999999999
hsi_3_0715_227_001_main__ggpt__199,st1_mirrored.14865_15137_0.82stretch,-2.3674
hsi_6_0718_209_003_main__ggpt__201,st1.9453_9745_1.12stretch,-0.8917999999999998
hsi_6_0718_209_001_main__ggpt__203,st1_mirrored.14865_15137_1.04stretch,-1.8088
hsi_7_0719_211_002_main__ggpt__213,st2_mirrored.3083_3415_0.91stretch,0.013599999999999945
hsi_6_0718_210_001_main__ggpt__215,st1.16330_16795,0.030999999999999917
hsi_5_0718_210_003_main__ggpt__218,st1_mirrored.20375_20767_1.04stretch,0.0036000000000000476
hsi_3_0715_227_003_main__ggpt__226,st1_mirrored.33801_34062,-0.7869999999999999
hsi_5_0718_210_001_main__ggpt__227,st1.9745_10055_0.86stretch,-2.6932
hsi_5_0718_211_003_main__ggpt__229,st1.33801_34062_0.82stretch,-0.8864000000000002
hsi_7_0719_210_003_main__ggpt__235,st1_mirrored.17976_18360_1.23stretch,0.0045000000000001705
hsi_4_0717_227_004_main__ggpt__236,st2.6146_6478_0.9stretch,-0.35399999999999987
hsi_5_0718_209_001_main__ggpt__243,st1_mirrored.17594_17971_0.86stretch,0.0018000000000000238
hsi_3_0715_227_001_main__ggpt__252,st1.9453_9745_1.09stretch,-1.6850999999999998
hsi_5_0718_209_002_main__ggpt__253,st1.17235_17589_1.05stretch,0.017500000000000182
hsi_5_0718_211_002_main__ggpt__262,st1.27774_28020_0.9stretch,-1.234
hsi_6_0718_210_001_main__ggpt__268,st1_mirrored.22983_23268_1.03stretch,-0.5133999999999999
hsi_7_0719_227_003_main__ggpt__270,st1.45687_45953_0.86stretch,0.184
hsi_3_0715_209_008_main__ggpt__272,st2.5294_5623,-0.43399999999999994
hsi_5_0718_227_001_main__ggpt__274,st1.11922_12193_1.0stretch,-1.073
hsi_5_0718_211_003_main__ggpt__282,st1_mirrored.16330_16795_0.95stretch,0.012499999999999956
hsi_5_0718_222_003_main__ggpt__293,st1.27774_28020_0.82stretch,-2.437
hsi_3_0715_209_006_main__ggpt__294,st1_mirrored.7758_8082,-1.3479999999999999
hsi_7_0719_222_004_main__ggpt__302,st1.11922_12193_1.32stretch,0.014399999999999968
hsi_3_0715_227_001_main__ggpt__305,st1.11922_12193_1.37stretch,0.03190000000000026
hsi_5_0718_210_002_main__ggpt__312,st1_mirrored.14865_15137,-1.7570000000000001
hsi_7_0719_222_002_main__ggpt__313,st1.13251_13486,-1.507
hsi_5_0718_211_002_main__ggpt__315,st1.8087_8452_1.22stretch,0.05360000000000009
hsi_4_0717_210_003_main__ggpt__352,st2_mirrored.1527_1810_0.97stretch,-3.0849
hsi_4_0717_222_003_main__ggpt__354,st1_mirrored.11922_12193_0.82stretch,-1.0196
hsi_7_0719_210_001_main__ggpt__357,st1_mirrored.11922_12193_1.01stretch,-0.7093
hsi_5_0718_227_001_main__ggpt__380,st1.20375_20767_1.04stretch,0.014600000000000168
hsi_3_0715_227_003_main__ggpt__385,st1_mirrored.27461_27769,-0.811
hsi_4_0717_210_001_main__ggpt__396,st1.22983_23268_0.86stretch,-0.48439999999999994
hsi_4_0717_209_002_main__ggpt__397,st1.4446_4759_0.81stretch,0.45499999999999996
hsi_3_0715_227_002_main__ggpt__401,st1_mirrored.17235_17589,0.017999999999999905
hsi_3_0715_210_011_main__ggpt__404,st2.1527_1810,-1.055
hsi_5_0718_209_002_main__ggpt__412,st1.27774_28020_0.87stretch,-1.4945
hsi_4_0717_211_001_main__ggpt__417,st2_mirrored.4179_4492_0.83stretch,0.1267
hsi_3_0715_227_004_main__ggpt__424,st1_mirrored.33801_34062_0.94stretch,-0.6364000000000001
hsi_7_0719_227_003_main__ggpt__429,st1.29108_29395_0.82stretch,0.174
hsi_4_0717_209_001_main__ggpt__440,st1.27461_27769_1.07stretch,-2.4356999999999998
hsi_5_0718_227_002_main__ggpt__456,st1.33801_34062,-1.395
hsi_5_0718_209_002_main__ggpt__465,st1.17235_17589_1.16stretch,0.017800000000000038
hsi_5_0718_210_002_main__ggpt__471,st1.4764_5084,-0.5469999999999999
hsi_5_0718_211_002_main__ggpt__474,st1.22983_23268_1.28stretch,0.008800000000000141
hsi_7_0719_210_002_main__ggpt__476,st1.20375_20767_1.12stretch,0.018799999999999928
hsi_4_0717_211_002_main__ggpt__487,st2.11976_12272,0.0
hsi_4_0717_209_001_main__ggpt__493,st1_mirrored.22983_23268_1.24stretch,0.013800000000000034
hsi_5_0718_209_003_main__ggpt__504,st1_mirrored.17976_18360_0.9stretch,-1.2339999999999998
hsi_5_0718_209_001_main__ggpt__508,st1_mirrored.12960_13246_0.92stretch,-1.7942
hsi_6_0718_209_001_main__ggpt__521,st1_mirrored.14865_15137_0.86stretch,-2.0332000000000003
hsi_3_0715_210_010_main__ggpt__522,st1_mirrored.19997_20370_1.18stretch,0.0028000000000001357
hsi_6_0718_227_002_main__ggpt__541,st1_mirrored.19997_20370_0.89stretch,0.03090000000000004
hsi_5_0718_210_001_main__ggpt__545,st1_mirrored.17235_17589_1.08stretch,0.01220000000000021
hsi_4_0717_227_003_main__ggpt__552,st1.17976_18360_1.16stretch,0.06299999999999994
hsi_4_0717_227_004_main__ggpt__554,st1_mirrored.17235_17589_1.26stretch,0.03939999999999988
hsi_5_0718_209_001_main__ggpt__561,st1.14865_15137_1.03stretch,-1.5894000000000001
hsi_5_0718_227_002_main__ggpt__562,st1.27774_28020,-2.8549999999999995
hsi_4_0717_227_002_main__ggpt__573,st1.22983_23268_0.9stretch,-0.6849999999999998
hsi_5_0718_210_002_main__ggpt__577,st1_mirrored.13251_13486,-1.335
hsi_4_0717_211_003_main__ggpt__595,st2_mirrored.6146_6478_1.32stretch,0.005199999999999871
hsi_5_0718_211_003_main__ggpt__600,st1.22983_23268_1.23stretch,0.017300000000000093
hsi_4_0717_210_001_main__ggpt__608,st1_mirrored.20375_20767,0.014999999999999902
hsi_4_0717_209_002_main__ggpt__609,st2.6146_6478_1.09stretch,0.0023999999999999577
hsi_5_0718_209_003_main__ggpt__610,st2_mirrored.6146_6478,-0.3680000000000001
hsi_5_0718_209_001_main__ggpt__614,st1_mirrored.17594_17971,0.0
hsi_3_0715_210_011_main__ggpt__616,st1.27461_27769_1.04stretch,-1.2833999999999999
hsi_6_0718_209_003_main__ggpt__625,st1_mirrored.27774_28020_0.99stretch,-1.8796000000000002
hsi_6_0718_211_001_main__ggpt__634,st1.17976_18360_0.92stretch,0.007000000000000117
hsi_4_0717_211_003_main__ggpt__648,st2_mirrored.11976_12272,-2.9669999999999996
hsi_5_0718_209_001_main__ggpt__667,st1_mirrored.9453_9745_1.04stretch,-1.0926
hsi_3_0715_210_011_main__ggpt__669,st1_mirrored.47091_47610_0.92stretch,0.0016000000000000458
hsi_7_0719_210_001_main__ggpt__675,st2.5628_6141_0.91stretch,0.00890000000000013
hsi_3_0715_227_001_main__ggpt__676,st1.33801_34062_0.87stretch,-0.8539000000000001
hsi_5_0718_227_001_main__ggpt__698,st1.17594_17971_0.81stretch,0.013800000000000034
hsi_5_0718_210_001_main__ggpt__704,st2.6146_6478_0.92stretch,-0.39880000000000004
hsi_4_0717_209_001_main__ggpt__705,st1_mirrored.27461_27769_0.9stretch,-0.946
hsi_4_0717_210_001_main__ggpt__714,st2_mirrored.1527_1810_1.0stretch,-1.339
hsi_3_0715_210_011_main__ggpt__722,st2_mirrored.5294_5623_1.29stretch,0.0035000000000000586
hsi_5_0718_210_002_main__ggpt__736,st1_mirrored.33801_34062_1.34stretch,-1.4674
hsi_5_0718_210_003_main__ggpt__748,st1.17594_17971_0.91stretch,0.012800000000000034
hsi_4_0717_209_001_main__ggpt__758,st1_mirrored.17976_18360,0.007000000000000117
hsi_7_0719_211_004_main__ggpt__777,st2.11976_12272_1.05stretch,0.017000000000000015
hsi_7_0719_210_001_main__ggpt__781,st2_mirrored.1527_1810,-1.572
hsi_4_0717_227_002_main__ggpt__785,st1_mirrored.13251_13486_1.26stretch,0.00039999999999995595
hsi_6_0718_211_001_main__ggpt__793,st1.27461_27769_0.92stretch,-1.3321999999999998
hsi_3_0715_227_004_main__ggpt_2__0,st1.13251_13486_1.04stretch,-1.7618
hsi_5_0718_227_001_main__ggpt_2__9,st1_mirrored.11922_12193_1.04stretch,-1.3291999999999997
hsi_6_0718_227_001_main__ggpt_2__21,st1_mirrored.22983_23268,-0.44599999999999995
hsi_4_0717_209_002_main__ggpt_2__26,st1.16330_16795_0.92stretch,0.0018000000000000238
hsi_3_0715_209_006_main__ggpt_2__29,st1_mirrored.7758_8082_1.39stretch,0.08729999999999971
hsi_3_0715_210_011_main__ggpt_2__33,st1.7758_8082_0.86stretch,-2.3708
hsi_6_0718_209_001_main__ggpt_2__44,st2.7431_7795_0.9stretch,0.025000000000000022
hsi_6_0718_210_001_main__ggpt_2__56,st1_mirrored.7758_8082_1.07stretch,0.015900000000000025
hsi_5_0718_211_003_main__ggpt_2__70,st1.17976_18360_1.2stretch,0.07499999999999996
hsi_5_0718_227_002_main__ggpt_2__85,st1_mirrored.9453_9745_1.32stretch,0.009200000000000097
hsi_6_0718_209_003_main__ggpt_2__95,st1.27461_27769_0.94stretch,-0.8704000000000001
hsi_6_0718_211_001_main__ggpt_2__104,st1_mirrored.20375_20767_1.12stretch,0.02180000000000004
hsi_3_0715_227_004_main__ggpt_2__106,st1.17976_18360_1.19stretch,0.03649999999999998
hsi_5_0718_210_003_main__ggpt_2__112,st1_mirrored.27774_28020_1.03stretch,-1.2361999999999997
hsi_5_0718_227_001_main__ggpt_2__115,st1_mirrored.13251_13486_0.89stretch,-1.4844
hsi_4_0717_211_003_main__ggpt_2__118,st1_mirrored.17594_17971_0.95stretch,0.009999999999999898
hsi_3_0715_227_003_main__ggpt_2__120,st1.17976_18360,0.009000000000000119
hsi_5_0718_222_002_main__ggpt_2__125,st1_mirrored.17976_18360_0.95stretch,0.014499999999999957
hsi_6_0718_227_001_main__ggpt_2__127,st1.7376_7753_0.82stretch,0.0
hsi_4_0717_227_003_main__ggpt_2__128,st1_mirrored.14865_15137_0.89stretch,-2.3362999999999996
hsi_5_0718_209_003_main__ggpt_2__133,st1_mirrored.33801_34062_1.33stretch,0.0022000000000000908
hsi_3_0715_227_001_main__ggpt_2__146,st1.27461_27769_0.98stretch,-1.1008
hsi_4_0717_211_001_main__ggpt_2__152,st2.6146_6478,-0.347
hsi_4_0717_209_003_main__ggpt_2__155,st1.16330_16795_0.9stretch,0.0040000000000000036
hsi_5_0718_210_003_main__ggpt_2__165,st2_mirrored.5628_6141_0.82stretch,0.017800000000000038
hsi_4_0717_209_002_main__ggpt_2__185,st1_mirrored.17976_18360_1.28stretch,0.019000000000000128
hsi_3_0715_209_006_main__ggpt_2__188,st2_mirrored.5294_5623_1.03stretch,0.023500000000000076
hsi_6_0718_209_003_main__ggpt_2__201,st1_mirrored.45687_45953_0.82stretch,0.1822
hsi_4_0717_227_002_main__ggpt_2__202,st1.27774_28020_1.01stretch,-1.5675000000000001
hsi_3_0715_227_004_main__ggpt_2__212,st2.5628_6141_0.81stretch,0.06290000000000018
hsi_6_0718_211_002_main__ggpt_2__216,st1_mirrored.17594_17971_0.9stretch,0.0010000000000000009
hsi_5_0718_222_002_main__ggpt_2__231,st1_mirrored.13251_13486_1.19stretch,-2.0294
hsi_5_0718_209_001_main__ggpt_2__243,st1.11922_12193_1.07stretch,-1.8561
hsi_5_0718_210_002_main__ggpt_2__259,st2.5294_5623_1.29stretch,0.0044999999999999485
hsi_3_0715_209_008_main__ggpt_2__272,st2_mirrored.6146_6478_1.04stretch,-0.1886000000000001
hsi_3_0715_227_003_main__ggpt_2__279,st1.20375_20767_1.11stretch,0.011400000000000077
hsi_7_0719_210_003_main__ggpt_2__288,st1_mirrored.16330_16795,0.010000000000000009
hsi_4_0717_210_001_main__ggpt_2__290,st2.7431_7795_1.27stretch,0.05180000000000007
hsi_4_0717_209_002_main__ggpt_2__291,st1.22118_22432_0.82stretch,0.46919999999999995
hsi_5_0718_227_002_main__ggpt_2__297,st2.5628_6141_0.83stretch,0.010699999999999932
hsi_3_0715_227_003_main__ggpt_2__332,st1.33801_34062_1.04stretch,-1.2268
hsi_5_0718_222_002_main__ggpt_2__337,st1_mirrored.27461_27769_1.23stretch,0.026000000000000023
hsi_3_0715_209_006_main__ggpt_2__347,st1.7758_8082_0.81stretch,-1.1763
hsi_5_0718_227_002_main__ggpt_2__350,st1_mirrored.27774_28020_0.89stretch,-1.9985999999999997
hsi_4_0717_222_003_main__ggpt_2__354,st1_mirrored.7758_8082_1.05stretch,0.012499999999999956
hsi_3_0715_227_001_main__ggpt_2__358,st1.26421_26880,0.03400000000000003
hsi_7_0719_209_003_main__ggpt_2__379,st1_mirrored.27461_27769_0.95stretch,-2.867
hsi_6_0718_227_001_main__ggpt_2__392,st2.5294_5623_1.31stretch,0.0025000000000001688
hsi_5_0718_222_003_main__ggpt_2__399,st1.33801_34062_0.9stretch,-1.6560000000000001
hsi_5_0718_209_001_main__ggpt_2__402,st1.8087_8452_0.97stretch,0.0030999999999999917
hsi_5_0718_227_002_main__ggpt_2__403,st2.5294_5623_1.03stretch,-0.26949999999999985
hsi_4_0717_222_003_main__ggpt_2__407,st1_mirrored.7758_8082_1.28stretch,0.013599999999999834
hsi_3_0715_227_001_main__ggpt_2__411,st2_mirrored.5294_5623,-0.365
hsi_7_0719_222_002_main__ggpt_2__419,st2.5628_6141_0.96stretch,0.00039999999999995595
hsi_5_0718_211_002_main__ggpt_2__421,st1_mirrored.27774_28020,-1.928
hsi_7_0719_209_001_main__ggpt_2__426,st2.7431_7795_0.92stretch,0.0038000000000000256
hsi_5_0718_210_003_main__ggpt_2__430,st1_mirrored.11922_12193,-2.954
hsi_5_0718_210_001_main__ggpt_2__439,st1.7758_8082_1.37stretch,0.06590000000000029
hsi_4_0717_209_001_main__ggpt_2__440,st1_mirrored.17235_17589_1.11stretch,0.0024000000000001798
hsi_5_0718_222_002_main__ggpt_2__443,st1_mirrored.17594_17971_1.23stretch,0.01639999999999997
hsi_4_0717_227_003_main__ggpt_2__446,st1_mirrored.22983_23268_0.99stretch,-0.46320000000000006
hsi_5_0718_209_002_main__ggpt_2__465,st1.33801_34062_1.01stretch,-1.2357
hsi_4_0717_227_002_main__ggpt_2__467,st1_mirrored.4764_5084,-0.6220000000000001
hsi_5_0718_227_001_main__ggpt_2__486,st2.1527_1810_0.82stretch,-1.7154000000000003
hsi_5_0718_222_002_main__ggpt_2__496,st1.27461_27769,-1.186
hsi_3_0715_210_011_main__ggpt_2__510,st2_mirrored.6146_6478_1.12stretch,0.031200000000000117
hsi_7_0719_211_004_main__ggpt_2__512,st1.17235_17589,0.008000000000000007
hsi_3_0715_227_001_main__ggpt_2__517,st1_mirrored.17235_17589_1.1stretch,0.007000000000000117
hsi_4_0717_211_001_main__ggpt_2__523,st1.9453_9745,-1.2850000000000001
hsi_5_0718_210_003_main__ggpt_2__536,st1_mirrored.11922_12193_0.9stretch,-1.3980000000000001
hsi_5_0718_209_003_main__ggpt_2__557,st1_mirrored.23661_23983_0.82stretch,0.028799999999999937
hsi_5_0718_222_003_main__ggpt_2__558,st1_mirrored.27461_27769_0.86stretch,-1.9889999999999999
hsi_3_0715_227_002_main__ggpt_2__560,st1.9453_9745_0.86stretch,-1.0854
hsi_5_0718_209_001_main__ggpt_2__561,st2.1527_1810_1.14stretch,0.01319999999999999
hsi_5_0718_209_002_main__ggpt_2__571,st1.27774_28020_1.04stretch,-1.4379999999999997
hsi_3_0715_227_003_main__ggpt_2__597,st2_mirrored.5294_5623_0.98stretch,-0.45599999999999996
hsi_7_0719_210_003_main__ggpt_2__606,st1_mirrored.7758_8082_0.83stretch,-0.9709000000000001
hsi_3_0715_210_011_main__ggpt_2__616,st2_mirrored.5294_5623_1.31stretch,0.009500000000000286
hsi_4_0717_210_003_main__ggpt_2__617,st1_mirrored.17976_18360_0.86stretch,0.0030000000000000027
hsi_5_0718_209_002_main__ggpt_2__624,st1.13251_13486_1.12stretch,-1.7993999999999997
hsi_4_0717_227_002_main__ggpt_2__626,st2_mirrored.7431_7795_1.16stretch,0.0043999999999997375
hsi_3_0715_210_010_main__ggpt_2__628,st1_mirrored.26421_26880,0.02400000000000002
hsi_7_0719_210_002_main__ggpt_2__635,st1.17594_17971_0.83stretch,0.035399999999999876
hsi_6_0718_210_001_main__ggpt_2__639,st2.6146_6478_1.28stretch,0.018799999999999928
hsi_7_0719_210_003_main__ggpt_2__659,st1_mirrored.8087_8452_1.15stretch,0.00749999999999984
hsi_5_0718_222_003_main__ggpt_2__664,st1.7758_8082,-0.8230000000000001
hsi_4_0717_222_003_main__ggpt_2__672,st1_mirrored.9453_9745,-3.2399999999999998
hsi_3_0715_210_010_main__ggpt_2__681,st1_mirrored.20375_20767_1.11stretch,0.014399999999999968
hsi_5_0718_210_002_main__ggpt_2__683,st2.5294_5623_0.98stretch,-0.3579999999999999
hsi_3_0715_227_004_main__ggpt_2__689,st1.11922_12193_0.86stretch,-0.8867999999999999
hsi_7_0719_211_002_main__ggpt_2__690,st1.11922_12193,-1.642
hsi_5_0718_227_001_main__ggpt_2__698,st1_mirrored.27461_27769_1.28stretch,0.051000000000000156
hsi_4_0717_211_002_main__ggpt_2__699,st1.17235_17589_1.25stretch,0.01650000000000018
hsi_3_0715_227_003_main__ggpt_2__703,st1_mirrored.22983_23268_0.89stretch,-0.44419999999999993
hsi_5_0718_210_001_main__ggpt_2__704,st1_mirrored.13251_13486_0.97stretch,-1.2142
hsi_4_0717_227_003_main__ggpt_2__711,st2.11976_12272_0.87stretch,-2.9842
hsi_3_0715_209_006_main__ggpt_2__718,st1.7758_8082_1.09stretch,0.006300000000000083
hsi_3_0715_227_002_main__ggpt_2__719,st1.43572_44146_0.83stretch,0.027300000000000102
hsi_3_0715_227_001_main__ggpt_2__729,st1_mirrored.33801_34062_0.98stretch,-1.3127999999999997
hsi_6_0718_209_001_main__ggpt_2__733,st1.17594_17971,0.02100000000000002
hsi_5_0718_211_002_main__ggpt_2__739,st1_mirrored.43050_43567_0.82stretch,0.006000000000000005
hsi_6_0718_211_001_main__ggpt_2__740,st2_mirrored.1527_1810_1.22stretch,0.010599999999999943
